strategy	outer_fold	components	weights	threshold	threshold_objective	fusion_weight_source	subject_ba	hc_recall	dep_recall	crop_combo_expected_ba	crop_combo_worst_ba	crop_combo_expected_min_recall	crop_combo_expected_recall_gap	sort_ba	sort_hc_recall	sort_dep_recall	sort_min_recall	sort_recall_gap	sort_dep_count	out_dir
p01_tsc_f8_equal_fixed05	0	p01+tsc_f8	p01=0.5;tsc_f8=0.5	0.5	fixed_0_5	fixed	0.75	0.75	0.75	0.81856	0.6875	0.7496	0.13792	0.8125	0.875	0.75	0.75	0.125	4	outputs/dep_hc_pr70B_score_fusion_20260524_p3_backbone/p01_tsc_f8_equal_fixed05_outer0
p01_tsc_f8_equal_fixed05	1	p01+tsc_f8	p01=0.5;tsc_f8=0.5	0.5	fixed_0_5	fixed	0.9375	0.875	1.0	0.948044	0.9375	0.896088	0.103912	1.0	1.0	1.0	1.0	0.0	4	outputs/dep_hc_pr70B_score_fusion_20260524_p3_backbone/p01_tsc_f8_equal_fixed05_outer1
p01_tsc_f8_equal_fixed05	2	p01+tsc_f8	p01=0.5;tsc_f8=0.5	0.5	fixed_0_5	fixed	0.875	1.0	0.75	0.895328	0.625	0.8234976	0.1436608	1.0	1.0	1.0	1.0	0.0	4	outputs/dep_hc_pr70B_score_fusion_20260524_p3_backbone/p01_tsc_f8_equal_fixed05_outer2
p01_tsc_f8_equal_fixed05	3	p01+tsc_f8	p01=0.5;tsc_f8=0.5	0.5	fixed_0_5	fixed	0.5625	0.875	0.25	0.53504	0.4375	0.27168	0.52672	0.625	0.75	0.5	0.5	0.25	4	outputs/dep_hc_pr70B_score_fusion_20260524_p3_backbone/p01_tsc_f8_equal_fixed05_outer3
p01_tsc_f8_equal_fixed05	4	p01+tsc_f8	p01=0.5;tsc_f8=0.5	0.5	fixed_0_5	fixed	0.6875	0.875	0.5	0.7132664	0.6875	0.5144	0.3977328	0.8125	0.875	0.75	0.75	0.125	4	outputs/dep_hc_pr70B_score_fusion_20260524_p3_backbone/p01_tsc_f8_equal_fixed05_outer4
p01_tsc_f8_equal_inner_balacc	0	p01+tsc_f8	p01=0.5;tsc_f8=0.5	0.35	balanced_accuracy	fixed	0.8125	0.625	1.0	0.80266	0.625	0.60788	0.38956	0.625	0.75	0.5	0.5	0.25	4	outputs/dep_hc_pr70B_score_fusion_20260524_p3_backbone/p01_tsc_f8_equal_inner_balacc_outer0
p01_tsc_f8_equal_inner_balacc	1	p01+tsc_f8	p01=0.5;tsc_f8=0.5	0.33174674362150003	balanced_accuracy	fixed	0.625	0.25	1.0	0.6415904	0.5625	0.2831808	0.7168192	1.0	1.0	1.0	1.0	0.0	4	outputs/dep_hc_pr70B_score_fusion_20260524_p3_backbone/p01_tsc_f8_equal_inner_balacc_outer1
p01_tsc_f8_equal_inner_balacc	2	p01+tsc_f8	p01=0.5;tsc_f8=0.5	0.4043615495005	balanced_accuracy	fixed	0.875	0.75	1.0	0.8829048	0.625	0.78343808	0.19893344	1.0	1.0	1.0	1.0	0.0	4	outputs/dep_hc_pr70B_score_fusion_20260524_p3_backbone/p01_tsc_f8_equal_inner_balacc_outer2
p01_tsc_f8_equal_inner_balacc	3	p01+tsc_f8	p01=0.5;tsc_f8=0.5	0.4430873527885	balanced_accuracy	fixed	0.5	0.75	0.25	0.5462	0.375	0.35008	0.39224	0.625	0.75	0.5	0.5	0.25	4	outputs/dep_hc_pr70B_score_fusion_20260524_p3_backbone/p01_tsc_f8_equal_inner_balacc_outer3
p01_tsc_f8_equal_inner_balacc	4	p01+tsc_f8	p01=0.5;tsc_f8=0.5	0.43582749509749996	balanced_accuracy	fixed	0.8125	0.875	0.75	0.75706	0.6875	0.63824	0.23764	0.8125	0.875	0.75	0.75	0.125	4	outputs/dep_hc_pr70B_score_fusion_20260524_p3_backbone/p01_tsc_f8_equal_inner_balacc_outer4
p01_tsc_f8_select2_balacc	0	p01+tsc_f8	p01=0.65;tsc_f8=0.35	0.32175839842889997	balanced_accuracy	validation_predictions	0.8125	0.625	1.0	0.795152	0.625	0.59184	0.406624	0.625	0.75	0.5	0.5	0.25	4	outputs/dep_hc_pr70B_score_fusion_20260524_p3_backbone/p01_tsc_f8_select2_balacc_outer0
p01_tsc_f8_select2_balacc	1	p01+tsc_f8	p01=1;tsc_f8=0	0.420225082525	balanced_accuracy	validation_predictions	0.9375	0.875	1.0	0.940844	0.9375	0.881688	0.118312	1.0	1.0	1.0	1.0	0.0	4	outputs/dep_hc_pr70B_score_fusion_20260524_p3_backbone/p01_tsc_f8_select2_balacc_outer1
p01_tsc_f8_select2_balacc	2	p01+tsc_f8	p01=0.7;tsc_f8=0.3	0.35	balanced_accuracy	validation_predictions	0.8125	0.625	1.0	0.79810672	0.5625	0.59652064	0.40317216	1.0	1.0	1.0	1.0	0.0	4	outputs/dep_hc_pr70B_score_fusion_20260524_p3_backbone/p01_tsc_f8_select2_balacc_outer2
p01_tsc_f8_select2_balacc	3	p01+tsc_f8	p01=0.2;tsc_f8=0.8	0.4082813888462	balanced_accuracy	validation_predictions	0.4375	0.375	0.5	0.5127576	0.3125	0.47583392	0.07384736	0.625	0.75	0.5	0.5	0.25	4	outputs/dep_hc_pr70B_score_fusion_20260524_p3_backbone/p01_tsc_f8_select2_balacc_outer3
p01_tsc_f8_select2_balacc	4	p01+tsc_f8	p01=0.5;tsc_f8=0.5	0.43582749509749996	balanced_accuracy	validation_predictions	0.8125	0.875	0.75	0.75706	0.6875	0.63824	0.23764	0.8125	0.875	0.75	0.75	0.125	4	outputs/dep_hc_pr70B_score_fusion_20260524_p3_backbone/p01_tsc_f8_select2_balacc_outer4
p01_tsc_f8_select2_minrec	0	p01+tsc_f8	p01=0.65;tsc_f8=0.35	0.3290338735472	min_recall	validation_predictions	0.8125	0.625	1.0	0.794768	0.625	0.59184	0.405856	0.625	0.75	0.5	0.5	0.25	4	outputs/dep_hc_pr70B_score_fusion_20260524_p3_backbone/p01_tsc_f8_select2_minrec_outer0
p01_tsc_f8_select2_minrec	1	p01+tsc_f8	p01=0.5;tsc_f8=0.5	0.3964237750965	min_recall	validation_predictions	0.8125	0.625	1.0	0.8463	0.6875	0.6926	0.3074	1.0	1.0	1.0	1.0	0.0	4	outputs/dep_hc_pr70B_score_fusion_20260524_p3_backbone/p01_tsc_f8_select2_minrec_outer1
p01_tsc_f8_select2_minrec	2	p01+tsc_f8	p01=0.7;tsc_f8=0.3	0.35	min_recall	validation_predictions	0.8125	0.625	1.0	0.79810672	0.5625	0.59652064	0.40317216	1.0	1.0	1.0	1.0	0.0	4	outputs/dep_hc_pr70B_score_fusion_20260524_p3_backbone/p01_tsc_f8_select2_minrec_outer2
p01_tsc_f8_select2_minrec	3	p01+tsc_f8	p01=0.45;tsc_f8=0.55	0.425	min_recall	validation_predictions	0.625	0.75	0.5	0.578788	0.375	0.429968	0.29764	0.625	0.75	0.5	0.5	0.25	4	outputs/dep_hc_pr70B_score_fusion_20260524_p3_backbone/p01_tsc_f8_select2_minrec_outer3
p01_tsc_f8_select2_minrec	4	p01+tsc_f8	p01=0.5;tsc_f8=0.5	0.43582749509749996	min_recall	validation_predictions	0.8125	0.875	0.75	0.75706	0.6875	0.63824	0.23764	0.8125	0.875	0.75	0.75	0.125	4	outputs/dep_hc_pr70B_score_fusion_20260524_p3_backbone/p01_tsc_f8_select2_minrec_outer4
p01_tsc_f8_tsc4_equal_balacc	0	p01+tsc_f8+tsc_f4	p01=0.3333;tsc_f8=0.3333;tsc_f4=0.3333	0.39779886782599994	balanced_accuracy	fixed	0.8125	0.625	1.0	0.81618	0.6875	0.68164	0.26908	0.625	0.75	0.5	0.5	0.25	4	outputs/dep_hc_pr70B_score_fusion_20260524_p3_backbone/p01_tsc_f8_tsc4_equal_balacc_outer0
p01_tsc_f8_tsc4_equal_balacc	1	p01+tsc_f8+tsc_f4	p01=0.3333;tsc_f8=0.3333;tsc_f4=0.3333	0.475	balanced_accuracy	fixed	0.9375	0.875	1.0	0.90338	0.8125	0.80676	0.19324	1.0	1.0	1.0	1.0	0.0	4	outputs/dep_hc_pr70B_score_fusion_20260524_p3_backbone/p01_tsc_f8_tsc4_equal_balacc_outer1
p01_tsc_f8_tsc4_equal_balacc	2	p01+tsc_f8+tsc_f4	p01=0.3333;tsc_f8=0.3333;tsc_f4=0.3333	0.43969093380299995	balanced_accuracy	fixed	0.875	1.0	0.75	0.8355016	0.625	0.75611872	0.15876576	0.8125	0.875	0.75	0.75	0.125	4	outputs/dep_hc_pr70B_score_fusion_20260524_p3_backbone/p01_tsc_f8_tsc4_equal_balacc_outer2
p01_tsc_f8_tsc4_equal_balacc	3	p01+tsc_f8+tsc_f4	p01=0.3333;tsc_f8=0.3333;tsc_f4=0.3333	0.42033531983066663	balanced_accuracy	fixed	0.625	0.75	0.5	0.6070736	0.375	0.482016	0.2501152	0.625	0.75	0.5	0.5	0.25	4	outputs/dep_hc_pr70B_score_fusion_20260524_p3_backbone/p01_tsc_f8_tsc4_equal_balacc_outer3
p01_tsc_f8_tsc4_equal_balacc	4	p01+tsc_f8+tsc_f4	p01=0.3333;tsc_f8=0.3333;tsc_f4=0.3333	0.425	balanced_accuracy	fixed	0.8125	0.875	0.75	0.794244	0.625	0.75003072	0.08842656	0.8125	0.875	0.75	0.75	0.125	4	outputs/dep_hc_pr70B_score_fusion_20260524_p3_backbone/p01_tsc_f8_tsc4_equal_balacc_outer4
p01_tsc_f8_conv32_equal_balacc	0	p01+tsc_f8+def_conv32	p01=0.3333;tsc_f8=0.3333;def_conv32=0.3333	0.3289453740773333	balanced_accuracy	fixed	0.8125	0.625	1.0	0.80266	0.625	0.60788	0.38956	0.625	0.75	0.5	0.5	0.25	4	outputs/dep_hc_pr70B_score_fusion_20260524_p3_backbone/p01_tsc_f8_conv32_equal_balacc_outer0
p01_tsc_f8_conv32_equal_balacc	1	p01+tsc_f8+def_conv32	p01=0.3333;tsc_f8=0.3333;def_conv32=0.3333	0.3273042137543333	balanced_accuracy	fixed	0.625	0.25	1.0	0.59601584	0.5	0.19203168	0.80796832	1.0	1.0	1.0	1.0	0.0	4	outputs/dep_hc_pr70B_score_fusion_20260524_p3_backbone/p01_tsc_f8_conv32_equal_balacc_outer1
p01_tsc_f8_conv32_equal_balacc	2	p01+tsc_f8+def_conv32	p01=0.3333;tsc_f8=0.3333;def_conv32=0.3333	0.4053168635583333	balanced_accuracy	fixed	0.875	0.75	1.0	0.849976	0.5	0.70425216	0.29144768	1.0	1.0	1.0	1.0	0.0	4	outputs/dep_hc_pr70B_score_fusion_20260524_p3_backbone/p01_tsc_f8_conv32_equal_balacc_outer2
p01_tsc_f8_conv32_equal_balacc	3	p01+tsc_f8+def_conv32	p01=0.3333;tsc_f8=0.3333;def_conv32=0.3333	0.44244807812599996	balanced_accuracy	fixed	0.625	0.75	0.5	0.56054	0.375	0.386	0.34908	0.625	0.75	0.5	0.5	0.25	4	outputs/dep_hc_pr70B_score_fusion_20260524_p3_backbone/p01_tsc_f8_conv32_equal_balacc_outer3
p01_tsc_f8_conv32_equal_balacc	4	p01+tsc_f8+def_conv32	p01=0.3333;tsc_f8=0.3333;def_conv32=0.3333	0.43161512015466663	balanced_accuracy	fixed	0.8125	0.875	0.75	0.808316	0.625	0.73768	0.141272	0.8125	0.875	0.75	0.75	0.125	4	outputs/dep_hc_pr70B_score_fusion_20260524_p3_backbone/p01_tsc_f8_conv32_equal_balacc_outer4
p01_tsc_f8_conv24_equal_balacc	0	p01+tsc_f8+def_conv24	p01=0.3333;tsc_f8=0.3333;def_conv24=0.3333	0.36388333596166667	balanced_accuracy	fixed	0.875	0.75	1.0	0.832356	0.625	0.668552	0.327608	0.625	0.75	0.5	0.5	0.25	4	outputs/dep_hc_pr70B_score_fusion_20260524_p3_backbone/p01_tsc_f8_conv24_equal_balacc_outer0
p01_tsc_f8_conv24_equal_balacc	1	p01+tsc_f8+def_conv24	p01=0.3333;tsc_f8=0.3333;def_conv24=0.3333	0.37268150134166667	balanced_accuracy	fixed	0.875	0.75	1.0	0.810012	0.6875	0.620024	0.379976	1.0	1.0	1.0	1.0	0.0	4	outputs/dep_hc_pr70B_score_fusion_20260524_p3_backbone/p01_tsc_f8_conv24_equal_balacc_outer1
p01_tsc_f8_conv24_equal_balacc	2	p01+tsc_f8+def_conv24	p01=0.3333;tsc_f8=0.3333;def_conv24=0.3333	0.414886855846	balanced_accuracy	fixed	0.9375	0.875	1.0	0.858232	0.625	0.7952688	0.1259264	0.8125	0.875	0.75	0.75	0.125	4	outputs/dep_hc_pr70B_score_fusion_20260524_p3_backbone/p01_tsc_f8_conv24_equal_balacc_outer2
p01_tsc_f8_conv24_equal_balacc	3	p01+tsc_f8+def_conv24	p01=0.3333;tsc_f8=0.3333;def_conv24=0.3333	0.398021343744	balanced_accuracy	fixed	0.625	0.75	0.5	0.574128	0.375	0.42216	0.303936	0.625	0.75	0.5	0.5	0.25	4	outputs/dep_hc_pr70B_score_fusion_20260524_p3_backbone/p01_tsc_f8_conv24_equal_balacc_outer3
p01_tsc_f8_conv24_equal_balacc	4	p01+tsc_f8+def_conv24	p01=0.3333;tsc_f8=0.3333;def_conv24=0.3333	0.44534346926699997	balanced_accuracy	fixed	0.6875	0.875	0.5	0.697404	0.5625	0.50936	0.376088	0.8125	0.875	0.75	0.75	0.125	4	outputs/dep_hc_pr70B_score_fusion_20260524_p3_backbone/p01_tsc_f8_conv24_equal_balacc_outer4
p01_tsc_f8_tri_equal_balacc	0	p01+tsc_f8+tri_context	p01=0.3333;tsc_f8=0.3333;tri_context=0.3333	0.35	balanced_accuracy	fixed	0.875	0.75	1.0	0.818248	0.625	0.638416	0.359664	0.625	0.75	0.5	0.5	0.25	4	outputs/dep_hc_pr70B_score_fusion_20260524_p3_backbone/p01_tsc_f8_tri_equal_balacc_outer0
p01_tsc_f8_tri_equal_balacc	1	p01+tsc_f8+tri_context	p01=0.3333;tsc_f8=0.3333;tri_context=0.3333	0.37619833985199996	balanced_accuracy	fixed	0.75	0.5	1.0	0.730232	0.625	0.460464	0.539536	1.0	1.0	1.0	1.0	0.0	4	outputs/dep_hc_pr70B_score_fusion_20260524_p3_backbone/p01_tsc_f8_tri_equal_balacc_outer1
p01_tsc_f8_tri_equal_balacc	2	p01+tsc_f8+tri_context	p01=0.3333;tsc_f8=0.3333;tri_context=0.3333	0.4718854999773333	balanced_accuracy	fixed	0.875	1.0	0.75	0.878184	0.625	0.76799776	0.22037248	1.0	1.0	1.0	1.0	0.0	4	outputs/dep_hc_pr70B_score_fusion_20260524_p3_backbone/p01_tsc_f8_tri_equal_balacc_outer2
p01_tsc_f8_tri_equal_balacc	3	p01+tsc_f8+tri_context	p01=0.3333;tsc_f8=0.3333;tri_context=0.3333	0.3981549972453333	balanced_accuracy	fixed	0.625	0.75	0.5	0.597436	0.4375	0.433392	0.328088	0.625	0.75	0.5	0.5	0.25	4	outputs/dep_hc_pr70B_score_fusion_20260524_p3_backbone/p01_tsc_f8_tri_equal_balacc_outer3
p01_tsc_f8_tri_equal_balacc	4	p01+tsc_f8+tri_context	p01=0.3333;tsc_f8=0.3333;tri_context=0.3333	0.43879995723033327	balanced_accuracy	fixed	0.8125	0.875	0.75	0.81178	0.6875	0.74856	0.12644	0.8125	0.875	0.75	0.75	0.125	4	outputs/dep_hc_pr70B_score_fusion_20260524_p3_backbone/p01_tsc_f8_tri_equal_balacc_outer4
p01_tsc_f8_toptsc8_equal_balacc	0	p01+tsc_f8+top_tsc8	p01=0.3333;tsc_f8=0.3333;top_tsc8=0.3333	0.4002590420033333	balanced_accuracy	fixed	0.8125	0.625	1.0	0.837432	0.625	0.690544	0.293776	0.625	0.75	0.5	0.5	0.25	4	outputs/dep_hc_pr70B_score_fusion_20260524_p3_backbone/p01_tsc_f8_toptsc8_equal_balacc_outer0
p01_tsc_f8_toptsc8_equal_balacc	1	p01+tsc_f8+top_tsc8	p01=0.3333;tsc_f8=0.3333;top_tsc8=0.3333	0.47995072634366664	balanced_accuracy	fixed	0.9375	0.875	1.0	0.92686	0.875	0.85372	0.14628	1.0	1.0	1.0	1.0	0.0	4	outputs/dep_hc_pr70B_score_fusion_20260524_p3_backbone/p01_tsc_f8_toptsc8_equal_balacc_outer1
p01_tsc_f8_toptsc8_equal_balacc	2	p01+tsc_f8+top_tsc8	p01=0.3333;tsc_f8=0.3333;top_tsc8=0.3333	0.4286019265866666	balanced_accuracy	fixed	0.875	1.0	0.75	0.852844	0.6875	0.75047552	0.20473696	0.8125	0.875	0.75	0.75	0.125	4	outputs/dep_hc_pr70B_score_fusion_20260524_p3_backbone/p01_tsc_f8_toptsc8_equal_balacc_outer2
p01_tsc_f8_toptsc8_equal_balacc	3	p01+tsc_f8+top_tsc8	p01=0.3333;tsc_f8=0.3333;top_tsc8=0.3333	0.425	balanced_accuracy	fixed	0.6875	0.875	0.5	0.6536736	0.375	0.4759872	0.3553728	0.625	0.75	0.5	0.5	0.25	4	outputs/dep_hc_pr70B_score_fusion_20260524_p3_backbone/p01_tsc_f8_toptsc8_equal_balacc_outer3
p01_tsc_f8_toptsc8_equal_balacc	4	p01+tsc_f8+top_tsc8	p01=0.3333;tsc_f8=0.3333;top_tsc8=0.3333	0.4688613252746666	balanced_accuracy	fixed	0.6875	0.875	0.5	0.74726	0.6875	0.6190592	0.2564016	0.8125	0.875	0.75	0.75	0.125	4	outputs/dep_hc_pr70B_score_fusion_20260524_p3_backbone/p01_tsc_f8_toptsc8_equal_balacc_outer4
tsc_f8_toptsc8_equal_balacc	0	tsc_f8+top_tsc8	tsc_f8=0.5;top_tsc8=0.5	0.464080263544	balanced_accuracy	fixed	0.875	0.75	1.0	0.85028	0.6875	0.7468	0.20696	0.625	0.75	0.5	0.5	0.25	4	outputs/dep_hc_pr70B_score_fusion_20260524_p3_backbone/tsc_f8_toptsc8_equal_balacc_outer0
tsc_f8_toptsc8_equal_balacc	1	tsc_f8+top_tsc8	tsc_f8=0.5;top_tsc8=0.5	0.4546177143655	balanced_accuracy	fixed	0.875	0.75	1.0	0.832732	0.75	0.665464	0.334536	1.0	1.0	1.0	1.0	0.0	4	outputs/dep_hc_pr70B_score_fusion_20260524_p3_backbone/tsc_f8_toptsc8_equal_balacc_outer1
tsc_f8_toptsc8_equal_balacc	2	tsc_f8+top_tsc8	tsc_f8=0.5;top_tsc8=0.5	0.499358354416	balanced_accuracy	fixed	0.875	1.0	0.75	0.867816	0.625	0.736672	0.262288	0.8125	0.875	0.75	0.75	0.125	4	outputs/dep_hc_pr70B_score_fusion_20260524_p3_backbone/tsc_f8_toptsc8_equal_balacc_outer2
tsc_f8_toptsc8_equal_balacc	3	tsc_f8+top_tsc8	tsc_f8=0.5;top_tsc8=0.5	0.475	balanced_accuracy	fixed	0.6875	0.875	0.5	0.642572	0.375	0.49615936	0.29282528	0.625	0.75	0.5	0.5	0.25	4	outputs/dep_hc_pr70B_score_fusion_20260524_p3_backbone/tsc_f8_toptsc8_equal_balacc_outer3
tsc_f8_toptsc8_equal_balacc	4	tsc_f8+top_tsc8	tsc_f8=0.5;top_tsc8=0.5	0.498176837154	balanced_accuracy	fixed	0.8125	0.875	0.75	0.80118	0.625	0.74380032	0.11475936	0.8125	0.875	0.75	0.75	0.125	4	outputs/dep_hc_pr70B_score_fusion_20260524_p3_backbone/tsc_f8_toptsc8_equal_balacc_outer4
p01_tsc_f8_heavy_tsc_balacc	0	p01+tsc_f8+def_conv32	p01=0.25;tsc_f8=0.55;def_conv32=0.2	0.4908129899048	balanced_accuracy	fixed	0.75	0.75	0.75	0.79268	0.75	0.7503872	0.0845856	0.8125	0.875	0.75	0.75	0.125	4	outputs/dep_hc_pr70B_score_fusion_20260524_p3_backbone/p01_tsc_f8_heavy_tsc_balacc_outer0
p01_tsc_f8_heavy_tsc_balacc	1	p01+tsc_f8+def_conv32	p01=0.25;tsc_f8=0.55;def_conv32=0.2	0.34723495519875003	balanced_accuracy	fixed	0.625	0.25	1.0	0.62544864	0.5625	0.25089728	0.74910272	1.0	1.0	1.0	1.0	0.0	4	outputs/dep_hc_pr70B_score_fusion_20260524_p3_backbone/p01_tsc_f8_heavy_tsc_balacc_outer1
p01_tsc_f8_heavy_tsc_balacc	2	p01+tsc_f8+def_conv32	p01=0.25;tsc_f8=0.55;def_conv32=0.2	0.4630288852732	balanced_accuracy	fixed	1.0	1.0	1.0	0.90526	0.6875	0.849376	0.111768	1.0	1.0	1.0	1.0	0.0	4	outputs/dep_hc_pr70B_score_fusion_20260524_p3_backbone/p01_tsc_f8_heavy_tsc_balacc_outer2
p01_tsc_f8_heavy_tsc_balacc	3	p01+tsc_f8+def_conv32	p01=0.25;tsc_f8=0.55;def_conv32=0.2	0.42152670409505	balanced_accuracy	fixed	0.625	0.75	0.5	0.585724	0.3125	0.48770912	0.19602976	0.625	0.75	0.5	0.5	0.25	4	outputs/dep_hc_pr70B_score_fusion_20260524_p3_backbone/p01_tsc_f8_heavy_tsc_balacc_outer3
p01_tsc_f8_heavy_tsc_balacc	4	p01+tsc_f8+def_conv32	p01=0.25;tsc_f8=0.55;def_conv32=0.2	0.475	balanced_accuracy	fixed	0.8125	0.875	0.75	0.7887	0.6875	0.69744	0.18252	0.8125	0.875	0.75	0.75	0.125	4	outputs/dep_hc_pr70B_score_fusion_20260524_p3_backbone/p01_tsc_f8_heavy_tsc_balacc_outer4
p01_tsc_f8_heavy_p01_balacc	0	p01+tsc_f8+def_conv32	p01=0.55;tsc_f8=0.3;def_conv32=0.15	0.31704850621145003	balanced_accuracy	fixed	0.8125	0.625	1.0	0.795152	0.625	0.59184	0.406624	0.625	0.75	0.5	0.5	0.25	4	outputs/dep_hc_pr70B_score_fusion_20260524_p3_backbone/p01_tsc_f8_heavy_p01_balacc_outer0
p01_tsc_f8_heavy_p01_balacc	1	p01+tsc_f8+def_conv32	p01=0.55;tsc_f8=0.3;def_conv32=0.15	0.31396371146105	balanced_accuracy	fixed	0.625	0.25	1.0	0.60784864	0.5	0.21569728	0.78430272	1.0	1.0	1.0	1.0	0.0	4	outputs/dep_hc_pr70B_score_fusion_20260524_p3_backbone/p01_tsc_f8_heavy_p01_balacc_outer1
p01_tsc_f8_heavy_p01_balacc	2	p01+tsc_f8+def_conv32	p01=0.55;tsc_f8=0.3;def_conv32=0.15	0.39064152871015	balanced_accuracy	fixed	0.8125	0.625	1.0	0.8465248	0.5625	0.69735712	0.29833536	1.0	1.0	1.0	1.0	0.0	4	outputs/dep_hc_pr70B_score_fusion_20260524_p3_backbone/p01_tsc_f8_heavy_p01_balacc_outer2
p01_tsc_f8_heavy_p01_balacc	3	p01+tsc_f8+def_conv32	p01=0.55;tsc_f8=0.3;def_conv32=0.15	0.4251425972996	balanced_accuracy	fixed	0.5	0.75	0.25	0.56246	0.4375	0.34824	0.42844	0.625	0.75	0.5	0.5	0.25	4	outputs/dep_hc_pr70B_score_fusion_20260524_p3_backbone/p01_tsc_f8_heavy_p01_balacc_outer3
p01_tsc_f8_heavy_p01_balacc	4	p01+tsc_f8+def_conv32	p01=0.55;tsc_f8=0.3;def_conv32=0.15	0.41708234966170005	balanced_accuracy	fixed	0.8125	0.875	0.75	0.75802	0.6875	0.6371968	0.2416464	0.8125	0.875	0.75	0.75	0.125	4	outputs/dep_hc_pr70B_score_fusion_20260524_p3_backbone/p01_tsc_f8_heavy_p01_balacc_outer4
p01_tsc_f8_toptsc8_equal_fixed05	0	p01+tsc_f8+top_tsc8	p01=0.3333;tsc_f8=0.3333;top_tsc8=0.3333	0.5	fixed_0_5	fixed	0.75	0.75	0.75	0.81448	0.6875	0.72488	0.1792	0.625	0.75	0.5	0.5	0.25	4	outputs/dep_hc_pr70B_score_fusion_20260524_p3_backbone/p01_tsc_f8_toptsc8_equal_fixed05_outer0
p01_tsc_f8_toptsc8_equal_fixed05	1	p01+tsc_f8+top_tsc8	p01=0.3333;tsc_f8=0.3333;top_tsc8=0.3333	0.5	fixed_0_5	fixed	0.9375	0.875	1.0	0.93926	0.9375	0.87852	0.12148	1.0	1.0	1.0	1.0	0.0	4	outputs/dep_hc_pr70B_score_fusion_20260524_p3_backbone/p01_tsc_f8_toptsc8_equal_fixed05_outer1
p01_tsc_f8_toptsc8_equal_fixed05	2	p01+tsc_f8+top_tsc8	p01=0.3333;tsc_f8=0.3333;top_tsc8=0.3333	0.5	fixed_0_5	fixed	0.875	1.0	0.75	0.865368	0.625	0.732416	0.265904	0.8125	0.875	0.75	0.75	0.125	4	outputs/dep_hc_pr70B_score_fusion_20260524_p3_backbone/p01_tsc_f8_toptsc8_equal_fixed05_outer2
p01_tsc_f8_toptsc8_equal_fixed05	3	p01+tsc_f8+top_tsc8	p01=0.3333;tsc_f8=0.3333;top_tsc8=0.3333	0.5	fixed_0_5	fixed	0.5625	0.875	0.25	0.62528	0.4375	0.38608	0.4784	0.625	0.75	0.5	0.5	0.25	4	outputs/dep_hc_pr70B_score_fusion_20260524_p3_backbone/p01_tsc_f8_toptsc8_equal_fixed05_outer3
p01_tsc_f8_toptsc8_equal_fixed05	4	p01+tsc_f8+top_tsc8	p01=0.3333;tsc_f8=0.3333;top_tsc8=0.3333	0.5	fixed_0_5	fixed	0.6875	0.875	0.5	0.70942	0.6875	0.5432	0.33244	0.8125	0.875	0.75	0.75	0.125	4	outputs/dep_hc_pr70B_score_fusion_20260524_p3_backbone/p01_tsc_f8_toptsc8_equal_fixed05_outer4
tsc_f8_toptsc8_equal_fixed05	0	tsc_f8+top_tsc8	tsc_f8=0.5;top_tsc8=0.5	0.5	fixed_0_5	fixed	0.75	0.75	0.75	0.82628	0.6875	0.748472	0.155616	0.8125	0.875	0.75	0.75	0.125	4	outputs/dep_hc_pr70B_score_fusion_20260524_p3_backbone/tsc_f8_toptsc8_equal_fixed05_outer0
tsc_f8_toptsc8_equal_fixed05	1	tsc_f8+top_tsc8	tsc_f8=0.5;top_tsc8=0.5	0.5	fixed_0_5	fixed	0.9375	0.875	1.0	0.90796	0.8125	0.81592	0.18408	1.0	1.0	1.0	1.0	0.0	4	outputs/dep_hc_pr70B_score_fusion_20260524_p3_backbone/tsc_f8_toptsc8_equal_fixed05_outer1
tsc_f8_toptsc8_equal_fixed05	2	tsc_f8+top_tsc8	tsc_f8=0.5;top_tsc8=0.5	0.5	fixed_0_5	fixed	0.875	1.0	0.75	0.867816	0.625	0.736672	0.262288	0.8125	0.875	0.75	0.75	0.125	4	outputs/dep_hc_pr70B_score_fusion_20260524_p3_backbone/tsc_f8_toptsc8_equal_fixed05_outer2
tsc_f8_toptsc8_equal_fixed05	3	tsc_f8+top_tsc8	tsc_f8=0.5;top_tsc8=0.5	0.5	fixed_0_5	fixed	0.6875	0.875	0.5	0.665192	0.4375	0.492192	0.346	0.625	0.75	0.5	0.5	0.25	4	outputs/dep_hc_pr70B_score_fusion_20260524_p3_backbone/tsc_f8_toptsc8_equal_fixed05_outer3
tsc_f8_toptsc8_equal_fixed05	4	tsc_f8+top_tsc8	tsc_f8=0.5;top_tsc8=0.5	0.5	fixed_0_5	fixed	0.8125	0.875	0.75	0.8035	0.625	0.74381824	0.11936352	0.8125	0.875	0.75	0.75	0.125	4	outputs/dep_hc_pr70B_score_fusion_20260524_p3_backbone/tsc_f8_toptsc8_equal_fixed05_outer4
p01_tsc_f8_tsc4_equal_fixed05	0	p01+tsc_f8+tsc_f4	p01=0.3333;tsc_f8=0.3333;tsc_f4=0.3333	0.5	fixed_0_5	fixed	0.75	0.75	0.75	0.807916	0.6875	0.729832	0.156168	0.625	0.75	0.5	0.5	0.25	4	outputs/dep_hc_pr70B_score_fusion_20260524_p3_backbone/p01_tsc_f8_tsc4_equal_fixed05_outer0
p01_tsc_f8_tsc4_equal_fixed05	1	p01+tsc_f8+tsc_f4	p01=0.3333;tsc_f8=0.3333;tsc_f4=0.3333	0.5	fixed_0_5	fixed	0.9375	0.875	1.0	0.9207	0.875	0.8414	0.1586	1.0	1.0	1.0	1.0	0.0	4	outputs/dep_hc_pr70B_score_fusion_20260524_p3_backbone/p01_tsc_f8_tsc4_equal_fixed05_outer1
p01_tsc_f8_tsc4_equal_fixed05	2	p01+tsc_f8+tsc_f4	p01=0.3333;tsc_f8=0.3333;tsc_f4=0.3333	0.5	fixed_0_5	fixed	0.875	1.0	0.75	0.860928	0.625	0.744896	0.232064	0.8125	0.875	0.75	0.75	0.125	4	outputs/dep_hc_pr70B_score_fusion_20260524_p3_backbone/p01_tsc_f8_tsc4_equal_fixed05_outer2
p01_tsc_f8_tsc4_equal_fixed05	3	p01+tsc_f8+tsc_f4	p01=0.3333;tsc_f8=0.3333;tsc_f4=0.3333	0.5	fixed_0_5	fixed	0.5625	0.875	0.25	0.57606	0.375	0.33424	0.48364	0.625	0.75	0.5	0.5	0.25	4	outputs/dep_hc_pr70B_score_fusion_20260524_p3_backbone/p01_tsc_f8_tsc4_equal_fixed05_outer3
p01_tsc_f8_tsc4_equal_fixed05	4	p01+tsc_f8+tsc_f4	p01=0.3333;tsc_f8=0.3333;tsc_f4=0.3333	0.5	fixed_0_5	fixed	0.6875	0.875	0.5	0.726564	0.6875	0.56264	0.327848	0.8125	0.875	0.75	0.75	0.125	4	outputs/dep_hc_pr70B_score_fusion_20260524_p3_backbone/p01_tsc_f8_tsc4_equal_fixed05_outer4
p01_tsc_f8_conv32_equal_fixed05	0	p01+tsc_f8+def_conv32	p01=0.3333;tsc_f8=0.3333;def_conv32=0.3333	0.5	fixed_0_5	fixed	0.75	0.75	0.75	0.78476	0.75	0.7503088	0.0689024	0.8125	0.875	0.75	0.75	0.125	4	outputs/dep_hc_pr70B_score_fusion_20260524_p3_backbone/p01_tsc_f8_conv32_equal_fixed05_outer0
p01_tsc_f8_conv32_equal_fixed05	1	p01+tsc_f8+def_conv32	p01=0.3333;tsc_f8=0.3333;def_conv32=0.3333	0.5	fixed_0_5	fixed	0.9375	0.875	1.0	0.8981	0.8125	0.7962	0.2038	1.0	1.0	1.0	1.0	0.0	4	outputs/dep_hc_pr70B_score_fusion_20260524_p3_backbone/p01_tsc_f8_conv32_equal_fixed05_outer1
p01_tsc_f8_conv32_equal_fixed05	2	p01+tsc_f8+def_conv32	p01=0.3333;tsc_f8=0.3333;def_conv32=0.3333	0.5	fixed_0_5	fixed	0.8125	0.875	0.75	0.8837232	0.625	0.82223488	0.12297664	0.8125	0.875	0.75	0.75	0.125	4	outputs/dep_hc_pr70B_score_fusion_20260524_p3_backbone/p01_tsc_f8_conv32_equal_fixed05_outer2
p01_tsc_f8_conv32_equal_fixed05	3	p01+tsc_f8+def_conv32	p01=0.3333;tsc_f8=0.3333;def_conv32=0.3333	0.5	fixed_0_5	fixed	0.5	0.75	0.25	0.56616	0.5	0.35008	0.43216	0.625	0.75	0.5	0.5	0.25	4	outputs/dep_hc_pr70B_score_fusion_20260524_p3_backbone/p01_tsc_f8_conv32_equal_fixed05_outer3
p01_tsc_f8_conv32_equal_fixed05	4	p01+tsc_f8+def_conv32	p01=0.3333;tsc_f8=0.3333;def_conv32=0.3333	0.5	fixed_0_5	fixed	0.75	1.0	0.5	0.7542864	0.6875	0.581872	0.3448288	0.8125	0.875	0.75	0.75	0.125	4	outputs/dep_hc_pr70B_score_fusion_20260524_p3_backbone/p01_tsc_f8_conv32_equal_fixed05_outer4
