strategy	outer_fold	components	weights	threshold	threshold_objective	fusion_weight_source	subject_ba	hc_recall	dep_recall	dep_over_hc	recall_floor_pass	crop_combo_expected_ba	crop_combo_worst_ba	crop_combo_expected_hc_recall	crop_combo_expected_dep_recall	crop_combo_dep_over_hc	crop_combo_expected_min_recall	crop_combo_expected_recall_gap	sort_ba	sort_hc_recall	sort_dep_recall	sort_min_recall	sort_recall_gap	sort_dep_count	out_dir
p01_tsc_f8_select2_depfloor	0	p01+tsc_f8	p01=0.65;tsc_f8=0.35	0.32175839842889997	dep_recall_floor_0p8_hc	validation_predictions	0.8125	0.625	1.0	1.6	True	0.795152	0.625	0.59184	0.998464	1.6870505542038388	0.59184	0.406624	0.625	0.75	0.5	0.5	0.25	4	outputs/dep_hc_pr70B_subagent_followup_fusion_20260524/p01_tsc_f8_select2_depfloor_outer0
p01_tsc_f8_select2_depfloor	1	p01+tsc_f8	p01=0.45;tsc_f8=0.55	0.33779798678735	dep_recall_floor_0p8_hc	validation_predictions	0.625	0.25	1.0	4.0	True	0.64599552	0.5625	0.29199104	1.0	3.424762622853085	0.29199104	0.70800896	1.0	1.0	1.0	1.0	0.0	4	outputs/dep_hc_pr70B_subagent_followup_fusion_20260524/p01_tsc_f8_select2_depfloor_outer1
p01_tsc_f8_select2_depfloor	2	p01+tsc_f8	p01=0.7;tsc_f8=0.3	0.35	dep_recall_floor_0p8_hc	validation_predictions	0.8125	0.625	1.0	1.6	True	0.79810672	0.5625	0.59652064	0.9996928	1.6758729421332343	0.59652064	0.40317216	1.0	1.0	1.0	1.0	0.0	4	outputs/dep_hc_pr70B_subagent_followup_fusion_20260524/p01_tsc_f8_select2_depfloor_outer2
p01_tsc_f8_select2_depfloor	3	p01+tsc_f8	p01=0.2;tsc_f8=0.8	0.4082813888462	dep_recall_floor_0p8_hc	validation_predictions	0.4375	0.375	0.5	1.3333333333333333	True	0.5127576	0.3125	0.5273552	0.49816	0.9446384524130984	0.47583392	0.07384736	0.625	0.75	0.5	0.5	0.25	4	outputs/dep_hc_pr70B_subagent_followup_fusion_20260524/p01_tsc_f8_select2_depfloor_outer3
p01_tsc_f8_select2_depfloor	4	p01+tsc_f8	p01=0.5;tsc_f8=0.5	0.43582749509749996	dep_recall_floor_0p8_hc	validation_predictions	0.8125	0.875	0.75	0.8571428571428571	True	0.75706	0.6875	0.87548	0.63864	0.7294741170557865	0.63824	0.23764	0.8125	0.875	0.75	0.75	0.125	4	outputs/dep_hc_pr70B_subagent_followup_fusion_20260524/p01_tsc_f8_select2_depfloor_outer4
p01_tsc_f8_equal_depfloor	0	p01+tsc_f8	p01=0.5;tsc_f8=0.5	0.35	dep_recall_floor_0p8_hc	fixed	0.8125	0.625	1.0	1.6	True	0.80266	0.625	0.60788	0.99744	1.6408501677962757	0.60788	0.38956	0.625	0.75	0.5	0.5	0.25	4	outputs/dep_hc_pr70B_subagent_followup_fusion_20260524/p01_tsc_f8_equal_depfloor_outer0
p01_tsc_f8_equal_depfloor	1	p01+tsc_f8	p01=0.5;tsc_f8=0.5	0.33174674362150003	dep_recall_floor_0p8_hc	fixed	0.625	0.25	1.0	4.0	True	0.6415904	0.5625	0.2831808	1.0	3.531312857368861	0.2831808	0.7168192	1.0	1.0	1.0	1.0	0.0	4	outputs/dep_hc_pr70B_subagent_followup_fusion_20260524/p01_tsc_f8_equal_depfloor_outer1
p01_tsc_f8_equal_depfloor	2	p01+tsc_f8	p01=0.5;tsc_f8=0.5	0.4043615495005	dep_recall_floor_0p8_hc	fixed	0.875	0.75	1.0	1.3333333333333333	True	0.8829048	0.625	0.7868656	0.978944	1.2441057278396717	0.78343808	0.19893344	1.0	1.0	1.0	1.0	0.0	4	outputs/dep_hc_pr70B_subagent_followup_fusion_20260524/p01_tsc_f8_equal_depfloor_outer2
p01_tsc_f8_equal_depfloor	3	p01+tsc_f8	p01=0.5;tsc_f8=0.5	0.4430873527885	dep_recall_floor_0p8_hc	fixed	0.5	0.75	0.25	0.3333333333333333	False	0.5462	0.375	0.74232	0.35008	0.47160254337751917	0.35008	0.39224	0.625	0.75	0.5	0.5	0.25	4	outputs/dep_hc_pr70B_subagent_followup_fusion_20260524/p01_tsc_f8_equal_depfloor_outer3
p01_tsc_f8_equal_depfloor	4	p01+tsc_f8	p01=0.5;tsc_f8=0.5	0.43582749509749996	dep_recall_floor_0p8_hc	fixed	0.8125	0.875	0.75	0.8571428571428571	True	0.75706	0.6875	0.87548	0.63864	0.7294741170557865	0.63824	0.23764	0.8125	0.875	0.75	0.75	0.125	4	outputs/dep_hc_pr70B_subagent_followup_fusion_20260524/p01_tsc_f8_equal_depfloor_outer4
tsc_pair_def32_w45_45_10_fixed05	0	tsc_f8+top_tsc8+def_conv32	tsc_f8=0.45;top_tsc8=0.45;def_conv32=0.1	0.5	fixed_0_5	fixed	0.75	0.75	0.75	1.0	True	0.81768	0.6875	0.74936	0.886	1.182342265399808	0.749304	0.136752	0.8125	0.875	0.75	0.75	0.125	4	outputs/dep_hc_pr70B_subagent_followup_fusion_20260524/tsc_pair_def32_w45_45_10_fixed05_outer0
tsc_pair_def32_w45_45_10_fixed05	1	tsc_f8+top_tsc8+def_conv32	tsc_f8=0.45;top_tsc8=0.45;def_conv32=0.1	0.5	fixed_0_5	fixed	0.9375	0.875	1.0	1.1428571428571428	True	0.88692	0.8125	0.77384	1.0	1.2922567972707537	0.77384	0.22616	1.0	1.0	1.0	1.0	0.0	4	outputs/dep_hc_pr70B_subagent_followup_fusion_20260524/tsc_pair_def32_w45_45_10_fixed05_outer1
tsc_pair_def32_w45_45_10_fixed05	2	tsc_f8+top_tsc8+def_conv32	tsc_f8=0.45;top_tsc8=0.45;def_conv32=0.1	0.5	fixed_0_5	fixed	0.875	1.0	0.75	0.75	False	0.868648	0.625	0.99896	0.738336	0.7391046688556099	0.738336	0.260624	0.8125	0.875	0.75	0.75	0.125	4	outputs/dep_hc_pr70B_subagent_followup_fusion_20260524/tsc_pair_def32_w45_45_10_fixed05_outer2
tsc_pair_def32_w45_45_10_fixed05	3	tsc_f8+top_tsc8+def_conv32	tsc_f8=0.45;top_tsc8=0.45;def_conv32=0.1	0.5	fixed_0_5	fixed	0.6875	0.875	0.5	0.5714285714285714	False	0.665644	0.375	0.84188	0.489408	0.5813275051076163	0.489408	0.352472	0.625	0.75	0.5	0.5	0.25	4	outputs/dep_hc_pr70B_subagent_followup_fusion_20260524/tsc_pair_def32_w45_45_10_fixed05_outer3
tsc_pair_def32_w45_45_10_fixed05	4	tsc_f8+top_tsc8+def_conv32	tsc_f8=0.45;top_tsc8=0.45;def_conv32=0.1	0.5	fixed_0_5	fixed	0.8125	0.875	0.75	0.8571428571428571	True	0.8057	0.625	0.86524	0.74616	0.8623734455180067	0.74364768	0.12410464	0.8125	0.875	0.75	0.75	0.125	4	outputs/dep_hc_pr70B_subagent_followup_fusion_20260524/tsc_pair_def32_w45_45_10_fixed05_outer4
tsc_pair_def32_w40_40_20_fixed05	0	tsc_f8+top_tsc8+def_conv32	tsc_f8=0.4;top_tsc8=0.4;def_conv32=0.2	0.5	fixed_0_5	fixed	0.75	0.75	0.75	1.0	True	0.80936	0.75	0.75064	0.86808	1.1564531599701589	0.7503296	0.1180608	0.8125	0.875	0.75	0.75	0.125	4	outputs/dep_hc_pr70B_subagent_followup_fusion_20260524/tsc_pair_def32_w40_40_20_fixed05_outer0
tsc_pair_def32_w40_40_20_fixed05	1	tsc_f8+top_tsc8+def_conv32	tsc_f8=0.4;top_tsc8=0.4;def_conv32=0.2	0.5	fixed_0_5	fixed	0.875	0.75	1.0	1.3333333333333333	True	0.85338	0.75	0.70676	1.0	1.4149074650517854	0.70676	0.29324	1.0	1.0	1.0	1.0	0.0	4	outputs/dep_hc_pr70B_subagent_followup_fusion_20260524/tsc_pair_def32_w40_40_20_fixed05_outer1
tsc_pair_def32_w40_40_20_fixed05	2	tsc_f8+top_tsc8+def_conv32	tsc_f8=0.4;top_tsc8=0.4;def_conv32=0.2	0.5	fixed_0_5	fixed	0.875	1.0	0.75	0.75	False	0.87248	0.6875	0.99896	0.746	0.7467766477136222	0.746	0.25296	0.8125	0.875	0.75	0.75	0.125	4	outputs/dep_hc_pr70B_subagent_followup_fusion_20260524/tsc_pair_def32_w40_40_20_fixed05_outer2
tsc_pair_def32_w40_40_20_fixed05	3	tsc_f8+top_tsc8+def_conv32	tsc_f8=0.4;top_tsc8=0.4;def_conv32=0.2	0.5	fixed_0_5	fixed	0.6875	0.875	0.5	0.5714285714285714	False	0.646848	0.375	0.80944	0.484256	0.5982605257956117	0.484256	0.325184	0.625	0.75	0.5	0.5	0.25	4	outputs/dep_hc_pr70B_subagent_followup_fusion_20260524/tsc_pair_def32_w40_40_20_fixed05_outer3
tsc_pair_def32_w40_40_20_fixed05	4	tsc_f8+top_tsc8+def_conv32	tsc_f8=0.4;top_tsc8=0.4;def_conv32=0.2	0.5	fixed_0_5	fixed	0.8125	0.875	0.75	0.8571428571428571	True	0.80062	0.625	0.8594	0.74184	0.8632068885268792	0.74143296	0.11837408	0.8125	0.875	0.75	0.75	0.125	4	outputs/dep_hc_pr70B_subagent_followup_fusion_20260524/tsc_pair_def32_w40_40_20_fixed05_outer4
tsc_pair_p01_w45_45_10_fixed05	0	tsc_f8+top_tsc8+p01	tsc_f8=0.45;top_tsc8=0.45;p01=0.1	0.5	fixed_0_5	fixed	0.75	0.75	0.75	1.0	True	0.80784	0.6875	0.7476	0.86808	1.1611556982343498	0.7476	0.12048	0.8125	0.875	0.75	0.75	0.125	4	outputs/dep_hc_pr70B_subagent_followup_fusion_20260524/tsc_pair_p01_w45_45_10_fixed05_outer0
tsc_pair_p01_w45_45_10_fixed05	1	tsc_f8+top_tsc8+p01	tsc_f8=0.45;top_tsc8=0.45;p01=0.1	0.5	fixed_0_5	fixed	0.9375	0.875	1.0	1.1428571428571428	True	0.91276	0.8125	0.82552	1.0	1.2113576896986142	0.82552	0.17448	1.0	1.0	1.0	1.0	0.0	4	outputs/dep_hc_pr70B_subagent_followup_fusion_20260524/tsc_pair_p01_w45_45_10_fixed05_outer1
tsc_pair_p01_w45_45_10_fixed05	2	tsc_f8+top_tsc8+p01	tsc_f8=0.45;top_tsc8=0.45;p01=0.1	0.5	fixed_0_5	fixed	0.875	1.0	0.75	0.75	False	0.867816	0.625	0.99896	0.736672	0.7374389364939538	0.736672	0.262288	0.8125	0.875	0.75	0.75	0.125	4	outputs/dep_hc_pr70B_subagent_followup_fusion_20260524/tsc_pair_p01_w45_45_10_fixed05_outer2
tsc_pair_p01_w45_45_10_fixed05	3	tsc_f8+top_tsc8+p01	tsc_f8=0.45;top_tsc8=0.45;p01=0.1	0.5	fixed_0_5	fixed	0.6875	0.875	0.5	0.5714285714285714	False	0.6667536	0.4375	0.85752	0.4759872	0.5550741673663588	0.4759872	0.3815328	0.625	0.75	0.5	0.5	0.25	4	outputs/dep_hc_pr70B_subagent_followup_fusion_20260524/tsc_pair_p01_w45_45_10_fixed05_outer3
tsc_pair_p01_w45_45_10_fixed05	4	tsc_f8+top_tsc8+p01	tsc_f8=0.45;top_tsc8=0.45;p01=0.1	0.5	fixed_0_5	fixed	0.8125	0.875	0.75	0.8571428571428571	True	0.8045	0.625	0.8734	0.7356	0.8422257842912756	0.73489856	0.13920288	0.8125	0.875	0.75	0.75	0.125	4	outputs/dep_hc_pr70B_subagent_followup_fusion_20260524/tsc_pair_p01_w45_45_10_fixed05_outer4
tsc_pair_p01_w40_40_20_fixed05	0	tsc_f8+top_tsc8+p01	tsc_f8=0.4;top_tsc8=0.4;p01=0.2	0.5	fixed_0_5	fixed	0.75	0.75	0.75	1.0	True	0.82464	0.6875	0.7452	0.90408	1.2132045088566827	0.7452	0.15888	0.8125	0.875	0.75	0.75	0.125	4	outputs/dep_hc_pr70B_subagent_followup_fusion_20260524/tsc_pair_p01_w40_40_20_fixed05_outer0
tsc_pair_p01_w40_40_20_fixed05	1	tsc_f8+top_tsc8+p01	tsc_f8=0.4;top_tsc8=0.4;p01=0.2	0.5	fixed_0_5	fixed	0.9375	0.875	1.0	1.1428571428571428	True	0.92702	0.875	0.85404	1.0	1.17090534401199	0.85404	0.14596	1.0	1.0	1.0	1.0	0.0	4	outputs/dep_hc_pr70B_subagent_followup_fusion_20260524/tsc_pair_p01_w40_40_20_fixed05_outer1
tsc_pair_p01_w40_40_20_fixed05	2	tsc_f8+top_tsc8+p01	tsc_f8=0.4;top_tsc8=0.4;p01=0.2	0.5	fixed_0_5	fixed	0.875	1.0	0.75	0.75	False	0.866984	0.625	0.99896	0.735008	0.7357732041322976	0.735008	0.263952	0.8125	0.875	0.75	0.75	0.125	4	outputs/dep_hc_pr70B_subagent_followup_fusion_20260524/tsc_pair_p01_w40_40_20_fixed05_outer2
tsc_pair_p01_w40_40_20_fixed05	3	tsc_f8+top_tsc8+p01	tsc_f8=0.4;top_tsc8=0.4;p01=0.2	0.5	fixed_0_5	fixed	0.6875	0.875	0.5	0.5714285714285714	False	0.6608496	0.4375	0.86064	0.4610592	0.5357166759620747	0.4610592	0.3995808	0.625	0.75	0.5	0.5	0.25	4	outputs/dep_hc_pr70B_subagent_followup_fusion_20260524/tsc_pair_p01_w40_40_20_fixed05_outer3
tsc_pair_p01_w40_40_20_fixed05	4	tsc_f8+top_tsc8+p01	tsc_f8=0.4;top_tsc8=0.4;p01=0.2	0.5	fixed_0_5	fixed	0.8125	0.875	0.75	0.8571428571428571	True	0.772628	0.6875	0.875	0.670256	0.7660068571428571	0.670256	0.204744	0.8125	0.875	0.75	0.75	0.125	4	outputs/dep_hc_pr70B_subagent_followup_fusion_20260524/tsc_pair_p01_w40_40_20_fixed05_outer4
tsc_pair_tri_w45_45_10_fixed05	0	tsc_f8+top_tsc8+tri_context	tsc_f8=0.45;top_tsc8=0.45;tri_context=0.1	0.5	fixed_0_5	fixed	0.75	0.75	0.75	1.0	True	0.80868	0.6875	0.74928	0.86808	1.158552210121717	0.749264	0.118832	0.8125	0.875	0.75	0.75	0.125	4	outputs/dep_hc_pr70B_subagent_followup_fusion_20260524/tsc_pair_tri_w45_45_10_fixed05_outer0
tsc_pair_tri_w45_45_10_fixed05	1	tsc_f8+top_tsc8+tri_context	tsc_f8=0.45;top_tsc8=0.45;tri_context=0.1	0.5	fixed_0_5	fixed	0.9375	0.875	1.0	1.1428571428571428	True	0.88012	0.8125	0.76024	1.0	1.3153740923918762	0.76024	0.23976	1.0	1.0	1.0	1.0	0.0	4	outputs/dep_hc_pr70B_subagent_followup_fusion_20260524/tsc_pair_tri_w45_45_10_fixed05_outer1
tsc_pair_tri_w45_45_10_fixed05	2	tsc_f8+top_tsc8+tri_context	tsc_f8=0.45;top_tsc8=0.45;tri_context=0.1	0.5	fixed_0_5	fixed	0.875	1.0	0.75	0.75	False	0.854368	0.625	0.99896	0.709776	0.7105149355329543	0.709776	0.289184	0.8125	0.875	0.75	0.75	0.125	4	outputs/dep_hc_pr70B_subagent_followup_fusion_20260524/tsc_pair_tri_w45_45_10_fixed05_outer2
tsc_pair_tri_w45_45_10_fixed05	3	tsc_f8+top_tsc8+tri_context	tsc_f8=0.45;top_tsc8=0.45;tri_context=0.1	0.5	fixed_0_5	fixed	0.6875	0.875	0.5	0.5714285714285714	False	0.677464	0.4375	0.86552	0.489408	0.5654496718735558	0.489408	0.376112	0.625	0.75	0.5	0.5	0.25	4	outputs/dep_hc_pr70B_subagent_followup_fusion_20260524/tsc_pair_tri_w45_45_10_fixed05_outer3
tsc_pair_tri_w45_45_10_fixed05	4	tsc_f8+top_tsc8+tri_context	tsc_f8=0.45;top_tsc8=0.45;tri_context=0.1	0.5	fixed_0_5	fixed	0.8125	0.875	0.75	0.8571428571428571	True	0.80162	0.625	0.85788	0.74536	0.8688394647270015	0.74495488	0.11333024	0.8125	0.875	0.75	0.75	0.125	4	outputs/dep_hc_pr70B_subagent_followup_fusion_20260524/tsc_pair_tri_w45_45_10_fixed05_outer4
tsc_pair_tri_w40_40_20_fixed05	0	tsc_f8+top_tsc8+tri_context	tsc_f8=0.4;top_tsc8=0.4;tri_context=0.2	0.5	fixed_0_5	fixed	0.75	0.75	0.75	1.0	True	0.80912	0.75	0.75016	0.86808	1.1571931321318119	0.750088	0.118064	0.8125	0.875	0.75	0.75	0.125	4	outputs/dep_hc_pr70B_subagent_followup_fusion_20260524/tsc_pair_tri_w40_40_20_fixed05_outer0
tsc_pair_tri_w40_40_20_fixed05	1	tsc_f8+top_tsc8+tri_context	tsc_f8=0.4;top_tsc8=0.4;tri_context=0.2	0.5	fixed_0_5	fixed	0.875	0.75	1.0	1.3333333333333333	True	0.87604	0.75	0.75208	1.0	1.3296457823635783	0.75208	0.24792	1.0	1.0	1.0	1.0	0.0	4	outputs/dep_hc_pr70B_subagent_followup_fusion_20260524/tsc_pair_tri_w40_40_20_fixed05_outer1
tsc_pair_tri_w40_40_20_fixed05	2	tsc_f8+top_tsc8+tri_context	tsc_f8=0.4;top_tsc8=0.4;tri_context=0.2	0.5	fixed_0_5	fixed	0.875	1.0	0.75	0.75	False	0.855584	0.625	0.99896	0.712208	0.712949467446144	0.712208	0.286752	0.8125	0.875	0.75	0.75	0.125	4	outputs/dep_hc_pr70B_subagent_followup_fusion_20260524/tsc_pair_tri_w40_40_20_fixed05_outer2
tsc_pair_tri_w40_40_20_fixed05	3	tsc_f8+top_tsc8+tri_context	tsc_f8=0.4;top_tsc8=0.4;tri_context=0.2	0.5	fixed_0_5	fixed	0.6875	0.875	0.5	0.5714285714285714	False	0.677808	0.4375	0.87136	0.484256	0.5557473374954095	0.484256	0.387104	0.625	0.75	0.5	0.5	0.25	4	outputs/dep_hc_pr70B_subagent_followup_fusion_20260524/tsc_pair_tri_w40_40_20_fixed05_outer3
tsc_pair_tri_w40_40_20_fixed05	4	tsc_f8+top_tsc8+tri_context	tsc_f8=0.4;top_tsc8=0.4;tri_context=0.2	0.5	fixed_0_5	fixed	0.8125	0.875	0.75	0.8571428571428571	True	0.8091	0.625	0.8714	0.7468	0.8570117053018133	0.7468	0.1246	0.8125	0.875	0.75	0.75	0.125	4	outputs/dep_hc_pr70B_subagent_followup_fusion_20260524/tsc_pair_tri_w40_40_20_fixed05_outer4
