route_id,ledger_rows,p1_seeds_seen,p1_seed_means,p1_3seed_seeds,p1_3seed_jobs,p1_3seed_mean,p1_5seed_seeds,p1_5seed_jobs,p1_5seed_mean,p1_runs,p2_complete_runs,p2_run_means,p2_best_complete_mean,p2_best_complete_jobs,p2_best_complete_sources,p3_complete_runs,p3_run_means,p3_best_complete_mean,p3_best_complete_outer_jobs,p3_best_complete_sources
fixed_crop_car_fbstcnet,11,"42,123,456,789,1024",42=0.7164(jobs=5); 123=0.7207(jobs=5); 456=0.7148(jobs=5); 789=0.7107(jobs=5); 1024=0.7104(jobs=5),"42,123,456",15/15,0.7173,"42,123,456,789,1024",25/25,0.7146,"A:backfill_pr49_A_20260522_2023_fixed_crop_car_fbstcnet_p1_seed789(n=5,mean=0.7107); B:backfill_pr49_B_20260522_2013_fixed_crop_car_fbstcnet_p1_seed123(n=5,mean=0.7207); C:backfill_pr49_C_20260522_2013_fixed_crop_car_fbstcnet_p1_seed456(n=5,mean=0.7147); C:backfill_pr49_C_20260522_2027_fixed_crop_car_fbstcnet_p1_seed1024(n=5,mean=0.7104); E:autofill_E_20260524_085857_006_p1_fixed_crop_car_fbstcnet(n=25,mean=0.7146)",1,"0.6756(n=7,sources=2)",0.6756,crop1=0.7083; crop2=0.7292; crop3=0.7708; crop4=0.7083; crop5=0.7083; random=0.7500; worst=0.3542,"A:backfill_pr49_A_20260522_2013_fixed_crop_car_fbstcnet_p2(n=7,mean=0.6756); E:autofill_E_20260524_085837_001_p2_fixed_crop_car_fbstcnet(n=7,mean=0.6756)",1,"0.7250(n=5,sources=4)",0.7250,outer0/seed42=0.6947; outer1/seed43=0.7140; outer2/seed44=0.7385; outer3/seed45=0.6860; outer4/seed46=0.7917,"A:autofill_A_20260522_233127_004_p3_fixed_crop_car_fbstcnet(n=5,mean=0.7250); A:backfill_pr49_A_20260522_2023_fixed_crop_car_fbstcnet_p3(n=5,mean=0.7250); C:autofill_C_20260522_233115_001_p3_fixed_crop_car_fbstcnet(n=5,mean=0.7250); E:autofill_E20_20260524_090426_005_p3_fixed_crop_car_fbstcnet(n=5,mean=0.7250)"
fixed_crop_ea_car_fbstcnet,1,,,,0/15,,,0/25,,,0,,,,,1,"0.7071(n=5,sources=1)",0.7071,outer0/seed42=0.7010; outer1/seed43=0.7030; outer2/seed44=0.7034; outer3/seed45=0.6599; outer4/seed46=0.7682,"C:autofill_C_20260522_233119_002_p3_fixed_crop_ea_car_fbstcnet(n=5,mean=0.7071)"
fixed_crop_ea_cbramod_candidate,2,,,,0/15,,,0/25,,,1,"0.5774(n=7,sources=1)",0.5774,crop1=0.6667; crop2=0.6042; crop3=0.6250; crop4=0.6667; crop5=0.6042; random=0.7083; worst=0.1667,"C:autofill_C_20260523_110137_030_p2_fixed_crop_ea_cbramod_candidate(n=7,mean=0.5774)",1,"0.6445(n=5,sources=1)",0.6445,outer0/seed42=0.6455; outer1/seed43=0.6028; outer2/seed44=0.6803; outer3/seed45=0.6288; outer4/seed46=0.6651,"C:autofill_C_20260523_110141_031_p3_fixed_crop_ea_cbramod_candidate(n=5,mean=0.6445)"
fixed_crop_ea_deformer_depth1_emb64,13,"42,123,456,789,1024",42=0.6755(jobs=5); 123=0.6703(jobs=5); 456=0.6629(jobs=5); 789=0.6682(jobs=5); 1024=0.6696(jobs=5),"42,123,456",15/15,0.6695,"42,123,456,789,1024",25/25,0.6693,"A:backfill_diverse_A_20260522_2044_fixed_crop_ea_deformer_depth1_emb64_p1_seed123(n=5,mean=0.6703); A:backfill_util_A_20260522_211253_fixed_crop_ea_deformer_depth1_emb64_p1_seed1024(n=5,mean=0.6696); B:backfill_diverse_B_20260522_2044_fixed_crop_ea_deformer_depth1_emb64_p1_seed456(n=5,mean=0.6629); B:backfill_util_B_20260522_211402_fixed_crop_ea_deformer_depth1_emb64_p1_seed1024(n=5,mean=0.6696); C:backfill_diverse_C_20260522_2042_fixed_crop_ea_deformer_depth1_emb64_p1_seed42(n=5,mean=0.6755); C:backfill_queue_C_20260522_211741_fixed_crop_ea_deformer_depth1_emb64_p1_seed456(n=5,mean=0.6629); C:backfill_util_C_20260522_210829_fixed_crop_ea_deformer_depth1_emb64_p1_seed789(n=5,mean=0.6682)",1,"0.6310(n=7,sources=1)",0.6310,crop1=0.6458; crop2=0.6250; crop3=0.7083; crop4=0.7292; crop5=0.7500; random=0.6667; worst=0.2917,"C:autofill_C_20260523_105848_028_p2_fixed_crop_ea_deformer_depth1_emb64(n=7,mean=0.6310)",1,"0.6878(n=5,sources=5)",0.6878,outer0/seed42=0.6862; outer1/seed43=0.6962; outer2/seed44=0.7294; outer3/seed45=0.6209; outer4/seed46=0.7065,"A:backfill_util_A_20260522_211528_fixed_crop_ea_deformer_depth1_emb64_p3(n=5,mean=0.6878); B:backfill_capacity_B_20260522_153412_fixed_crop_ea_deformer_depth1_emb64_p3_extra(n=5,mean=0.6878); B:backfill_util_B_20260522_212251_fixed_crop_ea_deformer_depth1_emb64_p3(n=5,mean=0.6878); C:autofill_C_20260523_105952_029_p3_fixed_crop_ea_deformer_depth1_emb64(n=5,mean=0.6878); C:backfill_long_C_20260522_213713_fixed_crop_ea_deformer_depth1_emb64_p3(n=5,mean=0.6878)"
fixed_crop_ea_deformer_depth2_emb96,5,,,,0/15,,,0/25,,,0,,,,,1,"0.6804(n=5,sources=5)",0.6804,outer0/seed42=0.6524; outer1/seed43=0.7046; outer2/seed44=0.7227; outer3/seed45=0.6286; outer4/seed46=0.6936,"A:backfill_capacity_A_20260522_155241_fixed_crop_ea_deformer_depth2_emb96_p3_extra(n=5,mean=0.6804); A:backfill_value_A_20260522_172210_deformer_depth2_emb96_p3(n=5,mean=0.6804); B:backfill_capacity_B_20260522_155241_fixed_crop_ea_deformer_depth2_emb96_p3_extra(n=5,mean=0.6804); B:backfill_value_B_20260522_172635_deformer_depth2_emb96_p3(n=5,mean=0.6804); C:backfill_value_C_20260522_161845_deformer_depth2_emb96_p3(n=5,mean=0.6804)"
fixed_crop_ea_deformer_depth3_emb64,7,,,,0/15,,,0/25,,,0,,,,,1,"0.6772(n=5,sources=7)",0.6772,outer0/seed42=0.6677; outer1/seed43=0.6690; outer2/seed44=0.7211; outer3/seed45=0.6207; outer4/seed46=0.7077,"A:backfill_value_A_20260522_162710_deformer_depth3_emb64_p3(n=5,mean=0.6772); A:backfill_value_A_20260522_1816_deformer_depth3_emb64_p3(n=5,mean=0.6772); B:backfill_value_B_20260522_161455_deformer_depth3_emb64_p3(n=5,mean=0.6772); B:backfill_value_B_20260522_172825_deformer_depth3_emb64_p3(n=5,mean=0.6772); B:backfill_value_B_20260522_1816_deformer_depth3_emb64_p3(n=5,mean=0.6772); C:backfill_capacity_C_20260522_152852_fixed_crop_ea_deformer_depth3_emb64_p3(n=5,mean=0.6772); C:backfill_value_C_20260522_1818_deformer_depth3_emb64_p3(n=5,mean=0.6772)"
fixed_crop_ea_dgcnn,14,"42,123,456,789,1024",42=0.6976(jobs=5); 123=0.6931(jobs=5); 456=0.6732(jobs=5); 789=0.7046(jobs=5); 1024=0.6975(jobs=5),"42,123,456",15/15,0.6880,"42,123,456,789,1024",25/25,0.6932,"A:backfill_util_A_20260522_212109_fixed_crop_ea_dgcnn_p1_seed456(n=5,mean=0.6732); B:autofill_B_20260523_085748_023_p1_fixed_crop_ea_dgcnn(n=25,mean=0.6932); B:backfill_diverse_B_20260522_2029_fixed_crop_ea_dgcnn_p1_seed42(n=5,mean=0.6976); B:backfill_queue_B_20260522_211741_fixed_crop_ea_dgcnn_p1_seed123(n=5,mean=0.6931)",1,"0.6845(n=7,sources=1)",0.6845,crop1=0.7292; crop2=0.6667; crop3=0.7500; crop4=0.7500; crop5=0.7708; random=0.7500; worst=0.3750,"B:autofill_B_20260523_074440_005_p2_fixed_crop_ea_dgcnn(n=7,mean=0.6845)",1,"0.7016(n=5,sources=9)",0.7016,outer0/seed42=0.6933; outer1/seed43=0.6891; outer2/seed44=0.7411; outer3/seed45=0.6419; outer4/seed46=0.7425,"A:backfill_graph_A_20260522_2042_fixed_crop_ea_dgcnn_p3(n=5,mean=0.7016); A:backfill_value_A_20260522_160815_fixed_crop_ea_dgcnn_p3(n=5,mean=0.7016); A:backfill_value_A_20260522_1812_fixed_crop_ea_dgcnn_p3(n=5,mean=0.7016); B:autofill_B_20260523_074444_006_p3_fixed_crop_ea_dgcnn(n=5,mean=0.7016); B:backfill_long_B_20260522_214155_fixed_crop_ea_dgcnn_p3(n=5,mean=0.7016); B:backfill_value_B_20260522_161455_fixed_crop_ea_dgcnn_p3(n=5,mean=0.7016); B:backfill_value_B_20260522_1812_fixed_crop_ea_dgcnn_p3(n=5,mean=0.7016); C:backfill_value_C_20260522_160955_fixed_crop_ea_dgcnn_p3(n=5,mean=0.7016); C:backfill_value_C_20260522_1802_fixed_crop_ea_dgcnn_p3(n=5,mean=0.7016)"
fixed_crop_ea_fbcnet,10,,,,0/15,,,0/25,,,0,,,,,1,"0.6444(n=5,sources=10)",0.6444,outer0/seed42=0.6261; outer1/seed43=0.6120; outer2/seed44=0.6806; outer3/seed45=0.6277; outer4/seed46=0.6756,"A:backfill_long_A_20260522_214012_fixed_crop_ea_fbcnet_p3(n=5,mean=0.6444); A:backfill_value_A_20260522_163555_fixed_crop_ea_fbcnet_p3(n=5,mean=0.6444); A:backfill_value_A_20260522_170610_fixed_crop_ea_fbcnet_p3(n=5,mean=0.6444); A:backfill_value_A_20260522_1820_fixed_crop_ea_fbcnet_p3(n=5,mean=0.6444); B:backfill_value_B_20260522_165405_fixed_crop_ea_fbcnet_p3(n=5,mean=0.6444); B:backfill_value_B_20260522_1827_fixed_crop_ea_fbcnet_p3(n=5,mean=0.6444); C:backfill_value_C_20260522_163730_fixed_crop_ea_fbcnet_p3(n=5,mean=0.6444); C:backfill_value_C_20260522_170745_fixed_crop_ea_fbcnet_p3(n=5,mean=0.6444); C:backfill_value_C_20260522_1820_fixed_crop_ea_fbcnet_p3(n=5,mean=0.6444); C:backfill_value_C_20260522_1833_fixed_crop_ea_fbcnet_p3(n=5,mean=0.6444)"
fixed_crop_ea_fbcnet_train_aug,19,"123,456,789,1024",123=0.6626(jobs=5); 456=0.6326(jobs=5); 789=0.6350(jobs=5); 1024=0.6475(jobs=5),"123,456",10/15,,"123,456,789,1024",20/25,,"A:backfill_diverse_A_20260522_2029_fixed_crop_ea_fbcnet_train_aug_p1_seed123(n=5,mean=0.6626); A:backfill_util_A_20260522_211119_fixed_crop_ea_fbcnet_train_aug_p1_seed1024(n=5,mean=0.6475); B:backfill_diverse_B_20260522_2044_fixed_crop_ea_fbcnet_train_aug_p1_seed456(n=5,mean=0.6326); B:backfill_util_B_20260522_210828_fixed_crop_ea_fbcnet_train_aug_p1_seed789(n=5,mean=0.6350); C:backfill_queue_C_20260522_211741_fixed_crop_ea_fbcnet_train_aug_p1_seed1024(n=5,mean=0.6475); C:backfill_util_C_20260522_210627_fixed_crop_ea_fbcnet_train_aug_p1_seed123(n=5,mean=0.6626)",1,"0.5536(n=7,sources=2)",0.5536,crop1=0.6667; crop2=0.5833; crop3=0.6042; crop4=0.6250; crop5=0.6042; random=0.6458; worst=0.1458,"A:backfill_value_A_20260522_163555_fixed_crop_ea_fbcnet_train_aug_p2(n=7,mean=0.5536); C:backfill_value_C_20260522_163730_fixed_crop_ea_fbcnet_train_aug_p2(n=7,mean=0.5536)",1,"0.6410(n=5,sources=11)",0.6410,outer0/seed42=0.6186; outer1/seed43=0.6115; outer2/seed44=0.6666; outer3/seed45=0.6270; outer4/seed46=0.6815,"A:backfill_diverse_A_20260522_2042_fixed_crop_ea_fbcnet_train_aug_p3(n=5,mean=0.6410); A:backfill_long_A_20260522_213713_fixed_crop_ea_fbcnet_train_aug_p3(n=5,mean=0.6410); A:backfill_value_A_20260522_165405_fixed_crop_ea_fbcnet_train_aug_p3(n=5,mean=0.6410); A:backfill_value_A_20260522_1814_fixed_crop_ea_fbcnet_train_aug_p3(n=5,mean=0.6410); B:backfill_long_B_20260522_213713_fixed_crop_ea_fbcnet_train_aug_p3(n=5,mean=0.6410); B:backfill_value_B_20260522_165405_fixed_crop_ea_fbcnet_train_aug_p3(n=5,mean=0.6410); B:backfill_value_B_20260522_1814_fixed_crop_ea_fbcnet_train_aug_p3(n=5,mean=0.6410); C:backfill_long_C_20260522_213117_fixed_crop_ea_fbcnet_train_aug_p3(n=5,mean=0.6410); C:backfill_value_C_20260522_165025_fixed_crop_ea_fbcnet_train_aug_p3(n=5,mean=0.6410); C:backfill_value_C_20260522_1805_fixed_crop_ea_fbcnet_train_aug_p3(n=5,mean=0.6410); C:backfill_value_C_20260522_1831_fixed_crop_ea_fbcnet_train_aug_p3(n=5,mean=0.6410)"
fixed_crop_ea_fbstcnet_c_only,17,"42,123,456,789,1024",42=0.7076(jobs=5); 123=0.7045(jobs=5); 456=0.7043(jobs=5); 789=0.6967(jobs=5); 1024=0.6938(jobs=5),"42,123,456",15/15,0.7055,"42,123,456,789,1024",25/25,0.7014,"B:autofill_B2_20260523_165900_083_p1_fixed_crop_ea_fbstcnet_c_only(n=25,mean=0.7014); C:autofill_C2_20260523_162439_068_p1_fixed_crop_ea_fbstcnet_c_only(n=25,mean=0.7014); C:autofill_C_20260523_090036_020_p1_fixed_crop_ea_fbstcnet_c_only(n=25,mean=0.7014)",1,"0.6696(n=7,sources=5)",0.6696,crop1=0.6667; crop2=0.7083; crop3=0.6875; crop4=0.7083; crop5=0.7708; random=0.7292; worst=0.4167,"B:autofill_B2_20260523_164227_081_p2_fixed_crop_ea_fbstcnet_c_only(n=7,mean=0.6696); B:autofill_B_20260523_140006_067_p2_fixed_crop_ea_fbstcnet_c_only(n=7,mean=0.6696); C:autofill_C2_20260523_141315_052_p2_fixed_crop_ea_fbstcnet_c_only(n=7,mean=0.6696); C:autofill_C2_20260523_160304_066_p2_fixed_crop_ea_fbstcnet_c_only(n=7,mean=0.6696); C:autofill_C_20260523_075759_011_p2_fixed_crop_ea_fbstcnet_c_only(n=7,mean=0.6696)",1,"0.7124(n=5,sources=9)",0.7124,outer0/seed42=0.7026; outer1/seed43=0.6816; outer2/seed44=0.7251; outer3/seed45=0.6864; outer4/seed46=0.7665,"A:autofill_A_20260522_233135_006_p3_fixed_crop_ea_fbstcnet_c_only(n=5,mean=0.7124); A:backfill_util_A_20260522_222550_fixed_crop_ea_fbstcnet_c_only_p3_abs(n=5,mean=0.7124); B:autofill_B2_20260523_164231_082_p3_fixed_crop_ea_fbstcnet_c_only(n=5,mean=0.7124); B:autofill_B_20260523_140632_068_p3_fixed_crop_ea_fbstcnet_c_only(n=5,mean=0.7124); B:backfill_util_B_20260522_222551_fixed_crop_ea_fbstcnet_c_only_p3_abs(n=5,mean=0.7124); C:autofill_C2_20260523_141640_053_p3_fixed_crop_ea_fbstcnet_c_only(n=5,mean=0.7124); C:autofill_C2_20260523_161011_067_p3_fixed_crop_ea_fbstcnet_c_only(n=5,mean=0.7124); C:autofill_C_20260523_080104_012_p3_fixed_crop_ea_fbstcnet_c_only(n=5,mean=0.7124); C:backfill_util_C_20260522_221213_fixed_crop_ea_fbstcnet_c_only_p3_abs(n=5,mean=0.7124)"
fixed_crop_ea_fbstcnet_m_conn_light,16,"42,123,456,789,1024",42=0.7123(jobs=5); 123=0.7039(jobs=5); 456=0.6962(jobs=5); 789=0.6965(jobs=5); 1024=0.6871(jobs=5),"42,123,456",15/15,0.7041,"42,123,456,789,1024",25/25,0.6992,"B:autofill_B2_20260523_170956_086_p1_fixed_crop_ea_fbstcnet_m_conn_light(n=25,mean=0.6992); C:autofill_C2_20260523_164739_071_p1_fixed_crop_ea_fbstcnet_m_conn_light(n=25,mean=0.6992); C:autofill_C2_20260523_183917_095_p1_fixed_crop_ea_fbstcnet_m_conn_light(n=25,mean=0.6992); C:autofill_C_20260523_090032_019_p1_fixed_crop_ea_fbstcnet_m_conn_light(n=25,mean=0.6992)",1,"0.6845(n=7,sources=4)",0.6845,crop1=0.7083; crop2=0.6875; crop3=0.7292; crop4=0.7292; crop5=0.7708; random=0.7708; worst=0.3958,"B:autofill_B2_20260523_165904_084_p2_fixed_crop_ea_fbstcnet_m_conn_light(n=7,mean=0.6845); C:autofill_C2_20260523_164028_069_p2_fixed_crop_ea_fbstcnet_m_conn_light(n=7,mean=0.6845); C:autofill_C2_20260523_183327_093_p2_fixed_crop_ea_fbstcnet_m_conn_light(n=7,mean=0.6845); C:autofill_C_20260523_075129_009_p2_fixed_crop_ea_fbstcnet_m_conn_light(n=7,mean=0.6845)",1,"0.7104(n=5,sources=8)",0.7104,outer0/seed42=0.6915; outer1/seed43=0.7151; outer2/seed44=0.7016; outer3/seed45=0.6783; outer4/seed46=0.7657,"A:autofill_A_20260522_233131_005_p3_fixed_crop_ea_fbstcnet_m_conn_light(n=5,mean=0.7104); A:backfill_util_A_20260522_222548_fixed_crop_ea_fbstcnet_m_conn_light_p3_abs(n=5,mean=0.7104); B:autofill_B2_20260523_170551_085_p3_fixed_crop_ea_fbstcnet_m_conn_light(n=5,mean=0.7104); B:backfill_util_B_20260522_222548_fixed_crop_ea_fbstcnet_m_conn_light_p3_abs(n=5,mean=0.7104); C:autofill_C2_20260523_164032_070_p3_fixed_crop_ea_fbstcnet_m_conn_light(n=5,mean=0.7104); C:autofill_C2_20260523_183913_094_p3_fixed_crop_ea_fbstcnet_m_conn_light(n=5,mean=0.7104); C:autofill_C_20260523_075133_010_p3_fixed_crop_ea_fbstcnet_m_conn_light(n=5,mean=0.7104); C:backfill_util_C_20260522_221211_fixed_crop_ea_fbstcnet_m_conn_light_p3_abs(n=5,mean=0.7104)"
fixed_crop_ea_fbstcnet_m_power_light,3,"42,123,456,789,1024",42=0.7080(jobs=5); 123=0.6915(jobs=5); 456=0.6938(jobs=5); 789=0.6909(jobs=5); 1024=0.6865(jobs=5),"42,123,456",15/15,0.6978,"42,123,456,789,1024",25/25,0.6942,"B:autofill_B_20260523_131633_052_p1_fixed_crop_ea_fbstcnet_m_power_light(n=25,mean=0.6942)",1,"0.6845(n=7,sources=1)",0.6845,crop1=0.6875; crop2=0.7292; crop3=0.7708; crop4=0.7292; crop5=0.7500; random=0.7708; worst=0.3542,"C:autofill_C_20260523_090731_023_p2_fixed_crop_ea_fbstcnet_m_power_light(n=7,mean=0.6845)",1,"0.7035(n=5,sources=1)",0.7035,outer0/seed42=0.6887; outer1/seed43=0.7028; outer2/seed44=0.7098; outer3/seed45=0.6739; outer4/seed46=0.7425,"C:autofill_C_20260523_095230_024_p3_fixed_crop_ea_fbstcnet_m_power_light(n=5,mean=0.7035)"
fixed_crop_ea_fbstcnet_p_only,3,"42,123,456,789,1024",42=0.6845(jobs=5); 123=0.6877(jobs=5); 456=0.6637(jobs=5); 789=0.6759(jobs=5); 1024=0.6732(jobs=5),"42,123,456",15/15,0.6786,"42,123,456,789,1024",25/25,0.6770,"B:autofill_B_20260523_121549_051_p1_fixed_crop_ea_fbstcnet_p_only(n=25,mean=0.6770)",1,"0.6786(n=7,sources=1)",0.6786,crop1=0.6667; crop2=0.7292; crop3=0.6875; crop4=0.7500; crop5=0.7500; random=0.8125; worst=0.3542,"C:autofill_C_20260523_090401_021_p2_fixed_crop_ea_fbstcnet_p_only(n=7,mean=0.6786)",1,"0.6938(n=5,sources=1)",0.6938,outer0/seed42=0.6725; outer1/seed43=0.6869; outer2/seed44=0.7097; outer3/seed45=0.6798; outer4/seed46=0.7203,"C:autofill_C_20260523_090727_022_p3_fixed_crop_ea_fbstcnet_p_only(n=5,mean=0.6938)"
fixed_crop_ea_fbstcnet_riem_guided_gate,8,"42,123,456,789,1024",42=0.6953(jobs=5); 123=0.6967(jobs=5); 456=0.6927(jobs=5); 789=0.6772(jobs=5); 1024=0.6799(jobs=5),"42,123,456",15/15,0.6949,"42,123,456,789,1024",25/25,0.6883,"B:autofill_B_20260523_082100_017_p1_fixed_crop_ea_fbstcnet_riem_guided_gate(n=25,mean=0.6883)",1,"0.6786(n=7,sources=3)",0.6786,crop1=0.6875; crop2=0.7292; crop3=0.7292; crop4=0.7500; crop5=0.7292; random=0.7500; worst=0.3750,"A:autofill_A_20260523_002455_007_p2_fixed_crop_ea_fbstcnet_riem_guided_gate(n=7,mean=0.6786); B:autofill_B_20260523_074423_001_p2_fixed_crop_ea_fbstcnet_riem_guided_gate(n=7,mean=0.6786); B:backfill_value_B_20260522_160815_riem_guided_gate_p2(n=7,mean=0.6786)",1,"0.7043(n=5,sources=4)",0.7043,outer0/seed42=0.6727; outer1/seed43=0.7119; outer2/seed44=0.6969; outer3/seed45=0.6823; outer4/seed46=0.7576,"A:backfill_value_A_20260522_160815_riem_guided_gate_p3(n=5,mean=0.7043); B:autofill_B_20260523_074428_002_p3_fixed_crop_ea_fbstcnet_riem_guided_gate(n=5,mean=0.7043); B:backfill_value_B_20260522_162710_riem_guided_gate_p3(n=5,mean=0.7043); C:backfill_value_C_20260522_160955_riem_guided_gate_p3(n=5,mean=0.7043)"
fixed_crop_ea_lggnet,15,"42,123,456,789",42=0.6619(jobs=5); 123=0.6446(jobs=5); 456=0.6611(jobs=5); 789=0.6576(jobs=5),"42,123,456",15/15,0.6559,"42,123,456,789",20/25,,"A:backfill_diverse_A_20260522_2044_fixed_crop_ea_lggnet_p1_seed456(n=5,mean=0.6611); A:backfill_queue_A_20260522_211741_fixed_crop_ea_lggnet_p1_seed789(n=5,mean=0.6576); B:backfill_diverse_B_20260522_2030_fixed_crop_ea_lggnet_p1_seed42(n=5,mean=0.6619); B:backfill_queue_B_20260522_211741_fixed_crop_ea_lggnet_p1_seed789_CR_(n=5,mean=0.6576); C:backfill_diverse_C_20260522_2042_fixed_crop_ea_lggnet_p1_seed123(n=5,mean=0.6446); C:backfill_queue_C_20260522_211741_fixed_crop_ea_lggnet_p1_seed789_CR_(n=5,mean=0.6576)",0,,,,,1,"0.6551(n=5,sources=9)",0.6551,outer0/seed42=0.6384; outer1/seed43=0.6275; outer2/seed44=0.6798; outer3/seed45=0.6472; outer4/seed46=0.6823,"A:backfill_long_A_20260522_213713_fixed_crop_ea_lggnet_p3(n=5,mean=0.6551); A:backfill_value_A_20260522_162710_fixed_crop_ea_lggnet_p3(n=5,mean=0.6551); A:backfill_value_A_20260522_1831_fixed_crop_ea_lggnet_p3(n=5,mean=0.6551); B:backfill_capacity_B_20260522_155244_fixed_crop_ea_lggnet_p3_extra(n=5,mean=0.6551); B:backfill_long_B_20260522_213117_fixed_crop_ea_lggnet_p3(n=5,mean=0.6551); B:backfill_value_B_20260522_1818_fixed_crop_ea_lggnet_p3(n=5,mean=0.6551); C:backfill_long_C_20260522_213338_fixed_crop_ea_lggnet_p3(n=5,mean=0.6551); C:backfill_value_C_20260522_161845_fixed_crop_ea_lggnet_p3(n=5,mean=0.6551); C:backfill_value_C_20260522_1827_fixed_crop_ea_lggnet_p3(n=5,mean=0.6551)"
fixed_crop_ea_riemannian_tangent,2,,,,0/15,,,0/25,,,1,"0.4524(n=7,sources=1)",0.4524,crop1=0.5000; crop2=0.5208; crop3=0.4583; crop4=0.5625; crop5=0.5625; random=0.5417; worst=0.0208,"B:autofill_B_20260523_082108_019_p2_fixed_crop_ea_riemannian_tangent(n=7,mean=0.4524)",1,"0.5878(n=5,sources=1)",0.5878,outer0/seed42=0.5185; outer1/seed43=0.5792; outer2/seed44=0.6226; outer3/seed45=0.6005; outer4/seed46=0.6182,"B:autofill_B_20260523_085752_024_p3_fixed_crop_ea_riemannian_tangent(n=5,mean=0.5878)"
fixed_crop_ea_shallow_conv_net,3,,,,0/15,,,0/25,,,0,,,,,1,"0.6123(n=5,sources=3)",0.6123,outer0/seed42=0.6452; outer1/seed43=0.5808; outer2/seed44=0.6529; outer3/seed45=0.5879; outer4/seed46=0.5947,"A:backfill_long_A_20260522_214407_fixed_crop_ea_shallow_conv_net_p3(n=5,mean=0.6123); B:backfill_long_B_20260522_214647_fixed_crop_ea_shallow_conv_net_p3(n=5,mean=0.6123); C:backfill_long_C_20260522_214407_fixed_crop_ea_shallow_conv_net_p3(n=5,mean=0.6123)"
fixed_crop_ea_tsception,10,,,,0/15,,,0/25,,,0,,,,,1,"0.6435(n=5,sources=10)",0.6435,outer0/seed42=0.6469; outer1/seed43=0.6272; outer2/seed44=0.6774; outer3/seed45=0.5766; outer4/seed46=0.6891,"A:backfill_long_A_20260522_214155_fixed_crop_ea_tsception_p3(n=5,mean=0.6435); A:backfill_value_A_20260522_162710_fixed_crop_ea_tsception_p3(n=5,mean=0.6435); A:backfill_value_A_20260522_172025_fixed_crop_ea_tsception_p3(n=5,mean=0.6435); A:backfill_value_A_20260522_1834_fixed_crop_ea_tsception_p3(n=5,mean=0.6435); B:backfill_long_B_20260522_214012_fixed_crop_ea_tsception_p3(n=5,mean=0.6435); B:backfill_value_B_20260522_161455_fixed_crop_ea_tsception_p3(n=5,mean=0.6435); B:backfill_value_B_20260522_173215_fixed_crop_ea_tsception_p3(n=5,mean=0.6435); B:backfill_value_B_20260522_1848_fixed_crop_ea_tsception_p3(n=5,mean=0.6435); C:backfill_value_C_20260522_161845_fixed_crop_ea_tsception_p3(n=5,mean=0.6435); C:backfill_value_C_20260522_172025_fixed_crop_ea_tsception_p3(n=5,mean=0.6435)"
fixed_crop_ea_tsception_train_aug,13,"42,123,789,1024",42=0.6397(jobs=5); 123=0.6317(jobs=5); 789=0.6454(jobs=5); 1024=0.6352(jobs=5),"42,123",10/15,,"42,123,789,1024",20/25,,"A:backfill_diverse_A_20260522_2044_fixed_crop_ea_tsception_train_aug_p1_seed123(n=5,mean=0.6317); A:backfill_queue_A_20260522_211741_fixed_crop_ea_tsception_train_aug_p1_seed1024(n=5,mean=0.6352); B:backfill_diverse_B_20260522_2029_fixed_crop_ea_tsception_train_aug_p1_seed42(n=5,mean=0.6397); B:backfill_util_B_20260522_212109_fixed_crop_ea_tsception_train_aug_p1_seed1024(n=5,mean=0.6352); C:backfill_util_C_20260522_210829_fixed_crop_ea_tsception_train_aug_p1_seed789(n=5,mean=0.6454)",0,,,,,1,"0.6558(n=5,sources=8)",0.6558,outer0/seed42=0.6663; outer1/seed43=0.6356; outer2/seed44=0.6960; outer3/seed45=0.5780; outer4/seed46=0.7032,"A:backfill_value_A_20260522_165405_fixed_crop_ea_tsception_train_aug_p3(n=5,mean=0.6558); A:backfill_value_A_20260522_1816_fixed_crop_ea_tsception_train_aug_p3(n=5,mean=0.6558); B:backfill_diverse_B_20260522_2042_fixed_crop_ea_tsception_train_aug_p3(n=5,mean=0.6558); B:backfill_value_B_20260522_170745_fixed_crop_ea_tsception_train_aug_p3(n=5,mean=0.6558); B:backfill_value_B_20260522_1818_fixed_crop_ea_tsception_train_aug_p3(n=5,mean=0.6558); C:backfill_long_C_20260522_214012_fixed_crop_ea_tsception_train_aug_p3(n=5,mean=0.6558); C:backfill_value_C_20260522_165730_fixed_crop_ea_tsception_train_aug_p3(n=5,mean=0.6558); C:backfill_value_C_20260522_1818_fixed_crop_ea_tsception_train_aug_p3(n=5,mean=0.6558)"
fixed_crop_ea_whitening_eps1e3_fbstcnet,18,"42,123,456,789,1024",42=0.7122(jobs=5); 123=0.7057(jobs=5); 456=0.7015(jobs=5); 789=0.7101(jobs=5); 1024=0.7081(jobs=5),"42,123,456",15/15,0.7065,"42,123,456,789,1024",25/25,0.7075,"A:backfill_branch_grid_A_20260522_1929_ea_eps1e3_base_p1_seed123(n=5,mean=0.7057); B:autofill_B2_20260523_181449_098_p1_fixed_crop_ea_whitening_eps1e3_fbstcnet(n=25,mean=0.7075); B:autofill_B_20260522_233853_010_p1_fixed_crop_ea_whitening_eps1e3_fbstcnet(n=25,mean=0.7075); C:autofill_C2_20260523_174749_083_p1_fixed_crop_ea_whitening_eps1e3_fbstcnet(n=25,mean=0.7075); C:autofill_C_20260523_090024_017_p1_fixed_crop_ea_whitening_eps1e3_fbstcnet(n=25,mean=0.7075)",1,"0.6548(n=7,sources=5)",0.6548,crop1=0.7292; crop2=0.7292; crop3=0.7292; crop4=0.6875; crop5=0.7500; random=0.6875; worst=0.2708,"B:autofill_B2_20260523_181019_096_p2_fixed_crop_ea_whitening_eps1e3_fbstcnet(n=7,mean=0.6548); B:autofill_B_20260523_000108_012_p2_fixed_crop_ea_whitening_eps1e3_fbstcnet(n=7,mean=0.6548); C:autofill_C2_20260523_174019_081_p2_fixed_crop_ea_whitening_eps1e3_fbstcnet(n=7,mean=0.6548); C:autofill_C3_20260523_232459_027_p2_fixed_crop_ea_whitening_eps1e3_fbstcnet(n=7,mean=0.6548); C:autofill_C_20260523_074424_001_p2_fixed_crop_ea_whitening_eps1e3_fbstcnet(n=7,mean=0.6548)",1,"0.7082(n=5,sources=8)",0.7082,outer0/seed42=0.7144; outer1/seed43=0.6829; outer2/seed44=0.7107; outer3/seed45=0.6864; outer4/seed46=0.7465,"A:autofill_A_20260522_233119_002_p3_fixed_crop_ea_whitening_eps1e3_fbstcnet(n=5,mean=0.7082); A:backfill_util_A_20260522_222546_fixed_crop_ea_whitening_eps1e3_fbstcnet_p3_abs(n=5,mean=0.7082); B:autofill_B2_20260523_181023_097_p3_fixed_crop_ea_whitening_eps1e3_fbstcnet(n=5,mean=0.7082); B:backfill_util_B_20260522_222546_fixed_crop_ea_whitening_eps1e3_fbstcnet_p3_abs(n=5,mean=0.7082); C:autofill_C2_20260523_174745_082_p3_fixed_crop_ea_whitening_eps1e3_fbstcnet(n=5,mean=0.7082); C:autofill_C_20260522_233131_005_p3_fixed_crop_ea_whitening_eps1e3_fbstcnet(n=5,mean=0.7082); C:autofill_C_20260523_074440_005_p3_fixed_crop_ea_whitening_eps1e3_fbstcnet(n=5,mean=0.7082); C:backfill_util_C_20260522_221209_fixed_crop_ea_whitening_eps1e3_fbstcnet_p3_abs(n=5,mean=0.7082)"
fixed_crop_ea_whitening_eps1e3_fbstcnet_c_only,5,"42,123,456,789,1024",42=0.6858(jobs=5); 123=0.7064(jobs=5); 456=0.7011(jobs=5); 789=0.6999(jobs=5); 1024=0.7068(jobs=5),"42,123,456",15/15,0.6978,"42,123,456,789,1024",25/25,0.7000,"A:backfill_branch_grid_A_20260522_1930_ea_eps1e3_c_only_p1_seed42(n=5,mean=0.6858); B:autofill_B_20260523_102132_041_p1_fixed_crop_ea_whitening_eps1e3_fbstcnet_c_only(n=25,mean=0.7000)",1,"0.6488(n=7,sources=2)",0.6488,crop1=0.7083; crop2=0.7083; crop3=0.7292; crop4=0.7083; crop5=0.6667; random=0.7500; worst=0.2708,"B:autofill_B_20260523_092120_033_p2_fixed_crop_ea_whitening_eps1e3_fbstcnet_c_only(n=7,mean=0.6488); C:backfill_branch_grid_C_20260522_1921_ea_eps1e3_c_only_p2(n=7,mean=0.6488)",1,"0.7031(n=5,sources=1)",0.7031,outer0/seed42=0.6677; outer1/seed43=0.6828; outer2/seed44=0.7058; outer3/seed45=0.6806; outer4/seed46=0.7784,"B:autofill_B_20260523_092726_034_p3_fixed_crop_ea_whitening_eps1e3_fbstcnet_c_only(n=5,mean=0.7031)"
fixed_crop_ea_whitening_eps1e3_fbstcnet_m_conn_light,11,"42,123,456,789,1024",42=0.7197(jobs=5); 123=0.7053(jobs=5); 456=0.6996(jobs=5); 789=0.7097(jobs=5); 1024=0.7089(jobs=5),"42,123,456",15/15,0.7082,"42,123,456,789,1024",25/25,0.7086,"A:backfill_ea_ablation_A_20260522_1911_ea_eps1e3_mconn_p1_seed42(n=5,mean=0.7197); B:autofill_B_20260523_104247_043_p1_fixed_crop_ea_whitening_eps1e3_fbstcnet_m_conn_light(n=25,mean=0.7086); B:backfill_ea_ablation_B_20260522_1919_ea_eps1e3_mconn_p1_seeds789_1024(n=10,mean=0.7093); C:backfill_ea_ablation_C_20260522_1919_ea_eps1e3_mconn_p1_seeds123_456(n=10,mean=0.7025)",1,"0.6577(n=7,sources=4)",0.6577,crop1=0.7500; crop2=0.6875; crop3=0.7500; crop4=0.6875; crop5=0.7500; random=0.6875; worst=0.2917,"B:autofill_B_20260523_093742_037_p2_fixed_crop_ea_whitening_eps1e3_fbstcnet_m_conn_light(n=7,mean=0.6577); B:autofill_B_20260523_135216_065_p2_fixed_crop_ea_whitening_eps1e3_fbstcnet_m_conn_light(n=7,mean=0.6577); C:autofill_C2_20260523_140926_050_p2_fixed_crop_ea_whitening_eps1e3_fbstcnet_m_conn_light(n=7,mean=0.6577); C:backfill_ea_ablation_C_20260522_1909_ea_eps1e3_mconn_p2(n=7,mean=0.6577)",1,"0.7149(n=5,sources=3)",0.7149,outer0/seed42=0.7147; outer1/seed43=0.6882; outer2/seed44=0.7127; outer3/seed45=0.6894; outer4/seed46=0.7698,"B:autofill_B_20260523_094448_038_p3_fixed_crop_ea_whitening_eps1e3_fbstcnet_m_conn_light(n=5,mean=0.7149); B:autofill_B_20260523_135401_066_p3_fixed_crop_ea_whitening_eps1e3_fbstcnet_m_conn_light(n=5,mean=0.7149); C:autofill_C2_20260523_140930_051_p3_fixed_crop_ea_whitening_eps1e3_fbstcnet_m_conn_light(n=5,mean=0.7149)"
fixed_crop_ea_whitening_eps1e3_fbstcnet_m_power_light,5,"42,123",42=0.7190(jobs=5); 123=0.7060(jobs=5),"42,123",10/15,,"42,123",10/25,,"B:backfill_branch_grid_B_20260522_1929_ea_eps1e3_m_power_p1_seed42(n=5,mean=0.7190); C:backfill_branch_grid_C_20260522_1930_ea_eps1e3_m_power_p1_seed123(n=5,mean=0.7060)",1,"0.6548(n=7,sources=2)",0.6548,crop1=0.6875; crop2=0.7083; crop3=0.7292; crop4=0.7083; crop5=0.7500; random=0.7292; worst=0.2708,"B:backfill_branch_grid_B_20260522_1921_ea_eps1e3_m_power_p2(n=7,mean=0.6548); C:autofill_C_20260523_120911_038_p2_fixed_crop_ea_whitening_eps1e3_fbstcnet_m_power_light(n=7,mean=0.6548)",1,"0.7103(n=5,sources=1)",0.7103,outer0/seed42=0.7178; outer1/seed43=0.6659; outer2/seed44=0.7157; outer3/seed45=0.6901; outer4/seed46=0.7621,"C:autofill_C_20260523_124949_039_p3_fixed_crop_ea_whitening_eps1e3_fbstcnet_m_power_light(n=5,mean=0.7103)"
fixed_crop_ea_whitening_eps1e3_fbstcnet_p_only,6,"42,123,456,789,1024",42=0.6840(jobs=5); 123=0.6944(jobs=5); 456=0.6845(jobs=5); 789=0.6742(jobs=5); 1024=0.6811(jobs=5),"42,123,456",15/15,0.6876,"42,123,456,789,1024",25/25,0.6836,"A:backfill_branch_grid_A_20260522_1937_ea_eps1e3_p_only_p1_seed123(n=5,mean=0.6944); A:backfill_branch_grid_A_20260522_2000_ea_eps1e3_p_only_p1_seed789(n=5,mean=0.6742); B:backfill_branch_grid_B_20260522_1956_ea_eps1e3_p_only_p1_seed456(n=5,mean=0.6845); C:backfill_branch_grid_C_20260522_1929_ea_eps1e3_p_only_p1_seed42(n=5,mean=0.6840); C:backfill_branch_grid_C_20260522_2005_ea_eps1e3_p_only_p1_seed1024(n=5,mean=0.6811)",1,"0.6101(n=7,sources=1)",0.6101,crop1=0.6667; crop2=0.7083; crop3=0.6458; crop4=0.6667; crop5=0.7292; random=0.6667; worst=0.1875,"C:backfill_branch_grid_C_20260522_1927_ea_eps1e3_p_only_p2(n=7,mean=0.6101)",0,,,,
fixed_crop_ea_whitening_eps3e4_fbstcnet,20,"42,123,456,789,1024",42=0.7147(jobs=5); 123=0.7055(jobs=5); 456=0.7015(jobs=5); 789=0.7103(jobs=5); 1024=0.7083(jobs=5),"42,123,456",15/15,0.7072,"42,123,456,789,1024",25/25,0.7080,"B:autofill_B2_20260523_181015_095_p1_fixed_crop_ea_whitening_eps3e4_fbstcnet(n=25,mean=0.7080); B:autofill_B_20260522_233508_009_p1_fixed_crop_ea_whitening_eps3e4_fbstcnet(n=25,mean=0.7080); B:backfill_branch_grid_B_20260522_1937_ea_eps3e4_base_p1_seed123(n=5,mean=0.7055); B:backfill_ea_ablation_B_20260522_2027_ea_eps3e4_base_p1_seed789(n=5,mean=0.7103); C:autofill_C2_20260523_173514_080_p1_fixed_crop_ea_whitening_eps3e4_fbstcnet(n=25,mean=0.7080); C:autofill_C_20260523_090028_018_p1_fixed_crop_ea_whitening_eps3e4_fbstcnet(n=25,mean=0.7080)",1,"0.6518(n=7,sources=5)",0.6518,crop1=0.6875; crop2=0.7083; crop3=0.7500; crop4=0.6875; crop5=0.7500; random=0.6875; worst=0.2917,"A:backfill_branch_grid_A_20260522_1927_ea_eps3e4_fbstcnet_p2(n=7,mean=0.6518); B:autofill_B2_20260523_180446_093_p2_fixed_crop_ea_whitening_eps3e4_fbstcnet(n=7,mean=0.6518); B:autofill_B_20260522_235502_011_p2_fixed_crop_ea_whitening_eps3e4_fbstcnet(n=7,mean=0.6518); C:autofill_C2_20260523_173244_078_p2_fixed_crop_ea_whitening_eps3e4_fbstcnet(n=7,mean=0.6518); C:autofill_C_20260523_074428_002_p2_fixed_crop_ea_whitening_eps3e4_fbstcnet(n=7,mean=0.6518)",1,"0.7085(n=5,sources=9)",0.7085,outer0/seed42=0.7138; outer1/seed43=0.6837; outer2/seed44=0.7104; outer3/seed45=0.6855; outer4/seed46=0.7489,"A:autofill_A_20260522_233115_001_p3_fixed_crop_ea_whitening_eps3e4_fbstcnet(n=5,mean=0.7085); A:backfill_util_A_20260522_222544_fixed_crop_ea_whitening_eps3e4_fbstcnet_p3_abs(n=5,mean=0.7085); B:autofill_B2_20260523_180730_094_p3_fixed_crop_ea_whitening_eps3e4_fbstcnet(n=5,mean=0.7085); B:backfill_util_B_20260522_222544_fixed_crop_ea_whitening_eps3e4_fbstcnet_p3_abs(n=5,mean=0.7085); C:autofill_C2_20260523_173510_079_p3_fixed_crop_ea_whitening_eps3e4_fbstcnet(n=5,mean=0.7085); C:autofill_C_20260522_233135_006_p3_fixed_crop_ea_whitening_eps3e4_fbstcnet(n=5,mean=0.7085); C:autofill_C_20260523_074444_006_p3_fixed_crop_ea_whitening_eps3e4_fbstcnet(n=5,mean=0.7085); C:backfill_ea_ablation_C_20260522_2013_ea_eps3e4_base_p3(n=5,mean=0.7085); C:backfill_util_C_20260522_221207_fixed_crop_ea_whitening_eps3e4_fbstcnet_p3_abs(n=5,mean=0.7085)"
fixed_crop_ea_whitening_eps3e4_fbstcnet_c_only,13,"42,123,456,789,1024",42=0.6857(jobs=5); 123=0.7075(jobs=5); 456=0.7016(jobs=5); 789=0.7009(jobs=5); 1024=0.7069(jobs=5),"42,123,456",15/15,0.6982,"42,123,456,789,1024",25/25,0.7005,"A:backfill_branch_grid_A_20260522_1945_ea_eps3e4_c_only_p1_seed123(n=5,mean=0.7075); A:backfill_branch_grid_A_20260522_2027_ea_eps3e4_c_only_p1_seed1024(n=5,mean=0.7069); B:autofill_B_20260523_103119_042_p1_fixed_crop_ea_whitening_eps3e4_fbstcnet_c_only(n=25,mean=0.7005); B:backfill_branch_grid_B_20260522_1956_ea_eps3e4_c_only_p1_seed456(n=5,mean=0.7016); C:backfill_branch_grid_C_20260522_1937_ea_eps3e4_c_only_p1_seed42(n=5,mean=0.6857); C:backfill_branch_grid_C_20260522_2005_ea_eps3e4_c_only_p1_seed789(n=5,mean=0.7009); C:pr44_C_20260522_150005_fixed_crop_ea_whitening_eps3e4_fbstcnet_c_only_p1(n=5,mean=0.6857)",1,"0.6429(n=7,sources=3)",0.6429,crop1=0.7083; crop2=0.6875; crop3=0.7292; crop4=0.7083; crop5=0.6667; random=0.7292; worst=0.2708,"B:autofill_B_20260523_093152_035_p2_fixed_crop_ea_whitening_eps3e4_fbstcnet_c_only(n=7,mean=0.6429); B:backfill_branch_grid_B_20260522_1927_ea_eps3e4_c_only_p2(n=7,mean=0.6429); B:pr44_B_20260522_145231_fixed_crop_ea_whitening_eps3e4_fbstcnet_c_only_p2(n=7,mean=0.6429)",1,"0.7018(n=5,sources=3)",0.7018,outer0/seed42=0.6633; outer1/seed43=0.6835; outer2/seed44=0.7060; outer3/seed45=0.6793; outer4/seed46=0.7770,"A:pr44_promote_A_20260522_152350_ea_eps3e4_conly_p3(n=5,mean=0.7018); B:autofill_B_20260523_093657_036_p3_fixed_crop_ea_whitening_eps3e4_fbstcnet_c_only(n=5,mean=0.7018); C:pr44_promote_C_20260522_152352_ea_eps3e4_conly_p3(n=5,mean=0.7018)"
fixed_crop_ea_whitening_eps3e4_fbstcnet_m_conn_light,29,"42,123,456,789,1024",42=0.7199(jobs=5); 123=0.7049(jobs=5); 456=0.6997(jobs=5); 789=0.7087(jobs=5); 1024=0.7074(jobs=5),"42,123,456",15/15,0.7082,"42,123,456,789,1024",25/25,0.7081,"A:backfill_ea_ablation_A_20260522_2005_ea_eps3e4_mconn_p1_seed789(n=5,mean=0.7087); A:backfill_ea_ablation_A_20260522_2013_ea_eps3e4_mconn_p1_seed123(n=5,mean=0.7049); A:pr44_promote_A_20260522_152344_ea_eps3e4_mconn_extra_seeds_p1(n=10,mean=0.7023); B:autofill_B2_20260523_190722_107_p1_fixed_crop_ea_whitening_eps3e4_fbstcnet_m_conn_light(n=25,mean=0.7081); B:autofill_B2_20260523_203118_119_p1_fixed_crop_ea_whitening_eps3e4_fbstcnet_m_conn_light(n=25,mean=0.7081); B:autofill_B_20260523_111541_044_p1_fixed_crop_ea_whitening_eps3e4_fbstcnet_m_conn_light(n=25,mean=0.7081); B:backfill_ea_ablation_B_20260522_2013_ea_eps3e4_mconn_p1_seed1024(n=5,mean=0.7074); B:pr44_B_20260522_145228_fixed_crop_ea_whitening_eps3e4_fbstcnet_m_conn_light_p1(n=5,mean=0.7199); C:autofill_C2_20260523_194836_104_p1_fixed_crop_ea_whitening_eps3e4_fbstcnet_m_conn_light(n=25,mean=0.7081); C:autofill_C3_20260523_213049_014_p1_fixed_crop_ea_whitening_eps3e4_fbstcnet_m_conn_light(n=25,mean=0.7081); C:backfill_ea_ablation_C_20260522_1956_ea_eps3e4_mconn_p1_seed456(n=5,mean=0.6997); C:pr44_promote_C_20260522_152621_ea_eps3e4_mconn_seed789_1024_p1(n=10,mean=0.7081)",1,"0.6518(n=7,sources=10)",0.6518,crop1=0.7292; crop2=0.6875; crop3=0.7292; crop4=0.6875; crop5=0.7500; random=0.6875; worst=0.2917,"B:autofill_B2_20260523_185129_105_p2_fixed_crop_ea_whitening_eps3e4_fbstcnet_m_conn_light(n=7,mean=0.6518); B:autofill_B2_20260523_201826_117_p2_fixed_crop_ea_whitening_eps3e4_fbstcnet_m_conn_light(n=7,mean=0.6518); B:autofill_B3_20260523_215401_007_p2_fixed_crop_ea_whitening_eps3e4_fbstcnet_m_conn_light(n=7,mean=0.6518); B:autofill_B3_20260523_230340_016_p2_fixed_crop_ea_whitening_eps3e4_fbstcnet_m_conn_light(n=7,mean=0.6518); B:autofill_B_20260523_095435_039_p2_fixed_crop_ea_whitening_eps3e4_fbstcnet_m_conn_light(n=7,mean=0.6518); C:autofill_C2_20260523_193424_102_p2_fixed_crop_ea_whitening_eps3e4_fbstcnet_m_conn_light(n=7,mean=0.6518); C:autofill_C3_20260523_212640_012_p2_fixed_crop_ea_whitening_eps3e4_fbstcnet_m_conn_light(n=7,mean=0.6518); C:autofill_C3_20260523_222836_021_p2_fixed_crop_ea_whitening_eps3e4_fbstcnet_m_conn_light(n=7,mean=0.6518); C:backfill_ea_ablation_C_20260522_1908_ea_eps3e4_mconn_p2(n=7,mean=0.6518); C:pr44_C_20260522_145231_fixed_crop_ea_whitening_eps3e4_fbstcnet_m_conn_light_p2(n=7,mean=0.6518)",1,"0.7116(n=5,sources=7)",0.7116,outer0/seed42=0.7125; outer1/seed43=0.6882; outer2/seed44=0.7128; outer3/seed45=0.6901; outer4/seed46=0.7544,"B:autofill_B2_20260523_185655_106_p3_fixed_crop_ea_whitening_eps3e4_fbstcnet_m_conn_light(n=5,mean=0.7116); B:autofill_B2_20260523_203114_118_p3_fixed_crop_ea_whitening_eps3e4_fbstcnet_m_conn_light(n=5,mean=0.7116); B:autofill_B3_20260523_220809_008_p3_fixed_crop_ea_whitening_eps3e4_fbstcnet_m_conn_light(n=5,mean=0.7116); B:autofill_B_20260523_100201_040_p3_fixed_crop_ea_whitening_eps3e4_fbstcnet_m_conn_light(n=5,mean=0.7116); B:pr44_promote_B_20260522_152345_ea_eps3e4_mconn_p3(n=5,mean=0.7116); C:autofill_C2_20260523_194250_103_p3_fixed_crop_ea_whitening_eps3e4_fbstcnet_m_conn_light(n=5,mean=0.7116); C:autofill_C3_20260523_212644_013_p3_fixed_crop_ea_whitening_eps3e4_fbstcnet_m_conn_light(n=5,mean=0.7116)"
fixed_crop_whitening_eps1e3_fbstcnet,25,"42,123,456,789,1024",42=0.7108(jobs=5); 123=0.7048(jobs=5); 456=0.7042(jobs=5); 789=0.7115(jobs=5); 1024=0.7110(jobs=5),"42,123,456",15/15,0.7066,"42,123,456,789,1024",25/25,0.7085,"A:backfill_ea_ablation_A_20260522_1940_noea_eps1e3_base_p1_seed123(n=5,mean=0.7048); B:autofill_B2_20260523_152916_074_p1_fixed_crop_whitening_eps1e3_fbstcnet(n=25,mean=0.7085); B:autofill_B2_20260523_211545_122_p1_fixed_crop_whitening_eps1e3_fbstcnet(n=25,mean=0.7085); B:autofill_B_20260523_091851_031_p1_fixed_crop_whitening_eps1e3_fbstcnet(n=25,mean=0.7085); C:autofill_C2_20260523_144733_059_p1_fixed_crop_whitening_eps1e3_fbstcnet(n=25,mean=0.7085); C:autofill_C3_20260523_202741_002_p1_fixed_crop_whitening_eps1e3_fbstcnet(n=25,mean=0.7085); C:autofill_C_20260523_110928_032_p1_fixed_crop_whitening_eps1e3_fbstcnet(n=25,mean=0.7085); C:backfill_ea_ablation_C_20260522_1939_noea_eps1e3_base_p1_seed42(n=5,mean=0.7108)",1,"0.6577(n=7,sources=9)",0.6577,crop1=0.7083; crop2=0.6875; crop3=0.7500; crop4=0.7708; crop5=0.6875; random=0.7500; worst=0.2500,"B:autofill_B2_20260523_151805_072_p2_fixed_crop_whitening_eps1e3_fbstcnet(n=7,mean=0.6577); B:autofill_B2_20260523_211116_120_p2_fixed_crop_whitening_eps1e3_fbstcnet(n=7,mean=0.6577); B:autofill_B3_20260523_232720_019_p2_fixed_crop_whitening_eps1e3_fbstcnet(n=7,mean=0.6577); B:autofill_B_20260523_133359_057_p2_fixed_crop_whitening_eps1e3_fbstcnet(n=7,mean=0.6577); C:autofill_C2_20260523_143622_057_p2_fixed_crop_whitening_eps1e3_fbstcnet(n=7,mean=0.6577); C:autofill_C2_20260523_194840_105_p2_fixed_crop_whitening_eps1e3_fbstcnet(n=7,mean=0.6577); C:autofill_C3_20260523_230701_024_p2_fixed_crop_whitening_eps1e3_fbstcnet(n=7,mean=0.6577); C:autofill_C_20260523_074432_003_p2_fixed_crop_whitening_eps1e3_fbstcnet(n=7,mean=0.6577); C:autofill_C_20260523_125844_042_p2_fixed_crop_whitening_eps1e3_fbstcnet(n=7,mean=0.6577)",1,"0.7122(n=5,sources=8)",0.7122,outer0/seed42=0.7123; outer1/seed43=0.6711; outer2/seed44=0.7110; outer3/seed45=0.6968; outer4/seed46=0.7698,"B:autofill_B2_20260523_151809_073_p3_fixed_crop_whitening_eps1e3_fbstcnet(n=5,mean=0.7122); B:autofill_B2_20260523_211120_121_p3_fixed_crop_whitening_eps1e3_fbstcnet(n=5,mean=0.7122); B:autofill_B_20260523_133543_058_p3_fixed_crop_whitening_eps1e3_fbstcnet(n=5,mean=0.7122); C:autofill_C2_20260523_144428_058_p3_fixed_crop_whitening_eps1e3_fbstcnet(n=5,mean=0.7122); C:autofill_C3_20260523_200730_001_p3_fixed_crop_whitening_eps1e3_fbstcnet(n=5,mean=0.7122); C:autofill_C_20260522_233123_003_p3_fixed_crop_whitening_eps1e3_fbstcnet(n=5,mean=0.7122); C:autofill_C_20260523_075021_007_p3_fixed_crop_whitening_eps1e3_fbstcnet(n=5,mean=0.7122); C:autofill_C_20260523_130149_043_p3_fixed_crop_whitening_eps1e3_fbstcnet(n=5,mean=0.7122)"
fixed_crop_whitening_eps1e3_fbstcnet_m_conn_light,23,"42,123,456,789,1024",42=0.7108(jobs=5); 123=0.7049(jobs=5); 456=0.7071(jobs=5); 789=0.7099(jobs=5); 1024=0.7168(jobs=5),"42,123,456",15/15,0.7076,"42,123,456,789,1024",25/25,0.7099,"A:backfill_ea_ablation_A_20260522_1910_noea_eps1e3_mconn_p1_seeds789_1024(n=10,mean=0.7134); A:backfill_ea_ablation_A_20260522_2013_noea_eps1e3_mconn_p1_seed456(n=5,mean=0.7071); B:autofill_B2_20260523_162959_080_p1_fixed_crop_whitening_eps1e3_fbstcnet_m_conn_light(n=25,mean=0.7099); B:autofill_B_20260523_111545_045_p1_fixed_crop_whitening_eps1e3_fbstcnet_m_conn_light(n=25,mean=0.7099); B:backfill_ea_ablation_B_20260522_2013_noea_eps1e3_mconn_p1_seed789(n=5,mean=0.7099); B:pr44_promote_B_20260522_152351_noea_eps1e3_mconn_extra_seeds_p1(n=10,mean=0.7060); C:autofill_C2_20260523_160300_065_p1_fixed_crop_whitening_eps1e3_fbstcnet_m_conn_light(n=25,mean=0.7099); C:autofill_C_20260523_114235_036_p1_fixed_crop_whitening_eps1e3_fbstcnet_m_conn_light(n=25,mean=0.7099); C:backfill_ea_ablation_C_20260522_2027_noea_eps1e3_mconn_p1_seed1024(n=5,mean=0.7168); C:pr44_C_20260522_150001_fixed_crop_whitening_eps1e3_fbstcnet_m_conn_light_p1(n=5,mean=0.7108)",1,"0.6518(n=7,sources=5)",0.6518,crop1=0.6667; crop2=0.6667; crop3=0.7708; crop4=0.7292; crop5=0.6875; random=0.7500; worst=0.2917,"A:pr44_A_20260522_145231_fixed_crop_whitening_eps1e3_fbstcnet_m_conn_light_p2(n=7,mean=0.6518); B:autofill_B2_20260523_155340_078_p2_fixed_crop_whitening_eps1e3_fbstcnet_m_conn_light(n=7,mean=0.6518); B:autofill_B_20260523_134638_061_p2_fixed_crop_whitening_eps1e3_fbstcnet_m_conn_light(n=7,mean=0.6518); C:autofill_C2_20260523_152641_063_p2_fixed_crop_whitening_eps1e3_fbstcnet_m_conn_light(n=7,mean=0.6518); C:autofill_C_20260523_133532_046_p2_fixed_crop_whitening_eps1e3_fbstcnet_m_conn_light(n=7,mean=0.6518)",1,"0.7127(n=5,sources=8)",0.7127,outer0/seed42=0.7049; outer1/seed43=0.6771; outer2/seed44=0.7146; outer3/seed45=0.6980; outer4/seed46=0.7691,"A:pr44_promote_A_20260522_152347_noea_eps1e3_mconn_p3(n=5,mean=0.7127); B:autofill_B2_20260523_160407_079_p3_fixed_crop_whitening_eps1e3_fbstcnet_m_conn_light(n=5,mean=0.7127); B:autofill_B_20260523_114905_047_p3_fixed_crop_whitening_eps1e3_fbstcnet_m_conn_light(n=5,mean=0.7127); B:autofill_B_20260523_134803_062_p3_fixed_crop_whitening_eps1e3_fbstcnet_m_conn_light(n=5,mean=0.7127); C:autofill_C2_20260523_153427_064_p3_fixed_crop_whitening_eps1e3_fbstcnet_m_conn_light(n=5,mean=0.7127); C:autofill_C_20260523_112621_034_p3_fixed_crop_whitening_eps1e3_fbstcnet_m_conn_light(n=5,mean=0.7127); C:autofill_C_20260523_134158_047_p3_fixed_crop_whitening_eps1e3_fbstcnet_m_conn_light(n=5,mean=0.7127); C:pr44_promote_C_20260522_152349_noea_eps1e3_mconn_p3(n=5,mean=0.7127)"
fixed_crop_whitening_eps3e4_fbstcnet,20,"42,123,456,789,1024",42=0.7105(jobs=5); 123=0.7056(jobs=5); 456=0.7045(jobs=5); 789=0.7109(jobs=5); 1024=0.7172(jobs=5),"42,123,456",15/15,0.7069,"42,123,456,789,1024",25/25,0.7097,"A:backfill_ea_ablation_A_20260522_1939_noea_eps3e4_base_p1_seed123(n=5,mean=0.7056); A:backfill_ea_ablation_A_20260522_2027_noea_eps3e4_base_p1_seed789(n=5,mean=0.7109); B:autofill_B_20260523_091855_032_p1_fixed_crop_whitening_eps3e4_fbstcnet(n=25,mean=0.7097); B:autofill_B_20260523_150001_071_p1_fixed_crop_whitening_eps3e4_fbstcnet(n=25,mean=0.7097); C:autofill_C2_20260523_143016_056_p1_fixed_crop_whitening_eps3e4_fbstcnet(n=25,mean=0.7097); C:autofill_C_20260523_111012_033_p1_fixed_crop_whitening_eps3e4_fbstcnet(n=25,mean=0.7097); C:backfill_ea_ablation_C_20260522_1945_noea_eps3e4_base_p1_seed456(n=5,mean=0.7045)",1,"0.6607(n=7,sources=5)",0.6607,crop1=0.7083; crop2=0.7083; crop3=0.7500; crop4=0.7708; crop5=0.6875; random=0.7500; worst=0.2500,"B:autofill_B_20260523_132729_055_p2_fixed_crop_whitening_eps3e4_fbstcnet(n=7,mean=0.6607); B:autofill_B_20260523_143104_069_p2_fixed_crop_whitening_eps3e4_fbstcnet(n=7,mean=0.6607); C:autofill_C2_20260523_142025_054_p2_fixed_crop_whitening_eps3e4_fbstcnet(n=7,mean=0.6607); C:autofill_C_20260523_074436_004_p2_fixed_crop_whitening_eps3e4_fbstcnet(n=7,mean=0.6607); C:autofill_C_20260523_125455_040_p2_fixed_crop_whitening_eps3e4_fbstcnet(n=7,mean=0.6607)",1,"0.7121(n=5,sources=8)",0.7121,outer0/seed42=0.7129; outer1/seed43=0.6710; outer2/seed44=0.7103; outer3/seed45=0.6950; outer4/seed46=0.7713,"A:autofill_A_20260522_233123_003_p3_fixed_crop_whitening_eps3e4_fbstcnet(n=5,mean=0.7121); B:autofill_B_20260523_132833_056_p3_fixed_crop_whitening_eps3e4_fbstcnet(n=5,mean=0.7121); B:autofill_B_20260523_143911_070_p3_fixed_crop_whitening_eps3e4_fbstcnet(n=5,mean=0.7121); C:autofill_C2_20260523_142029_055_p3_fixed_crop_whitening_eps3e4_fbstcnet(n=5,mean=0.7121); C:autofill_C_20260522_233127_004_p3_fixed_crop_whitening_eps3e4_fbstcnet(n=5,mean=0.7121); C:autofill_C_20260523_075025_008_p3_fixed_crop_whitening_eps3e4_fbstcnet(n=5,mean=0.7121); C:autofill_C_20260523_125820_041_p3_fixed_crop_whitening_eps3e4_fbstcnet(n=5,mean=0.7121); C:backfill_ea_ablation_C_20260522_2013_noea_eps3e4_base_p3(n=5,mean=0.7121)"
fixed_crop_whitening_eps3e4_fbstcnet_m_conn_light,45,"42,123,456,789,1024",42=0.7107(jobs=5); 123=0.7053(jobs=5); 456=0.7074(jobs=5); 789=0.7101(jobs=5); 1024=0.7172(jobs=5),"42,123,456",15/15,0.7078,"42,123,456,789,1024",25/25,0.7102,"A:backfill_pr49_A_20260522_1952_noea_eps3e4_mconn_p1_seed42(n=5,mean=0.7107); A:pr44_A_20260522_145228_fixed_crop_whitening_eps3e4_fbstcnet_m_conn_light_p1(n=5,mean=0.7107); B:autofill_B2_20260523_155336_077_p1_fixed_crop_whitening_eps3e4_fbstcnet_m_conn_light(n=25,mean=0.7101); B:autofill_B2_20260523_192901_110_p1_fixed_crop_whitening_eps3e4_fbstcnet_m_conn_light(n=25,mean=0.7101); B:autofill_B2_20260523_201340_116_p1_fixed_crop_whitening_eps3e4_fbstcnet_m_conn_light(n=25,mean=0.7101); B:autofill_B3_20260523_215016_006_p1_fixed_crop_whitening_eps3e4_fbstcnet_m_conn_light(n=25,mean=0.7101); B:autofill_B_20260523_112753_046_p1_fixed_crop_whitening_eps3e4_fbstcnet_m_conn_light(n=25,mean=0.7101); B:backfill_ea_ablation_B_20260522_1907_noea_eps3e4_mconn_p1_seed789(n=5,mean=0.7101); B:backfill_pr49_B_20260522_2000_noea_eps3e4_mconn_p1_seed123(n=5,mean=0.7053); B:pr44_promote_B_20260522_152348_noea_eps3e4_mconn_extra_seeds_p1(n=10,mean=0.7063); C:autofill_C2_20260523_152216_062_p1_fixed_crop_whitening_eps3e4_fbstcnet_m_conn_light(n=25,mean=0.7101); C:autofill_C2_20260523_193420_101_p1_fixed_crop_whitening_eps3e4_fbstcnet_m_conn_light(n=25,mean=0.7101); C:autofill_C3_20260523_212636_011_p1_fixed_crop_whitening_eps3e4_fbstcnet_m_conn_light(n=25,mean=0.7101); C:autofill_C3_20260523_215622_020_p1_fixed_crop_whitening_eps3e4_fbstcnet_m_conn_light(n=25,mean=0.7101); C:autofill_C_20260523_120907_037_p1_fixed_crop_whitening_eps3e4_fbstcnet_m_conn_light(n=25,mean=0.7101); C:backfill_ea_ablation_C_20260522_1907_noea_eps3e4_mconn_p1_seed1024(n=5,mean=0.7172); C:backfill_pr49_C_20260522_1956_noea_eps3e4_mconn_p1_seed456(n=5,mean=0.7074); E:autofill_E20_20260524_090410_001_p1_fixed_crop_whitening_eps3e4_fbstcnet_m_conn_light(n=25,mean=0.7102)",1,"0.6548(n=7,sources=13)",0.6548,crop1=0.7083; crop2=0.6875; crop3=0.7708; crop4=0.7292; crop5=0.6875; random=0.7292; worst=0.2708,"B:autofill_B2_20260523_152920_075_p2_fixed_crop_whitening_eps3e4_fbstcnet_m_conn_light(n=7,mean=0.6548); B:autofill_B2_20260523_192111_108_p2_fixed_crop_whitening_eps3e4_fbstcnet_m_conn_light(n=7,mean=0.6548); B:autofill_B2_20260523_200409_114_p2_fixed_crop_whitening_eps3e4_fbstcnet_m_conn_light(n=7,mean=0.6548); B:autofill_B3_20260523_214346_004_p2_fixed_crop_whitening_eps3e4_fbstcnet_m_conn_light(n=7,mean=0.6548); B:autofill_B3_20260523_223559_013_p2_fixed_crop_whitening_eps3e4_fbstcnet_m_conn_light(n=7,mean=0.6548); B:autofill_B_20260523_134149_059_p2_fixed_crop_whitening_eps3e4_fbstcnet_m_conn_light(n=7,mean=0.6548); C:autofill_C2_20260523_151425_060_p2_fixed_crop_whitening_eps3e4_fbstcnet_m_conn_light(n=7,mean=0.6548); C:autofill_C2_20260523_192408_099_p2_fixed_crop_whitening_eps3e4_fbstcnet_m_conn_light(n=7,mean=0.6548); C:autofill_C3_20260523_212046_009_p2_fixed_crop_whitening_eps3e4_fbstcnet_m_conn_light(n=7,mean=0.6548); C:autofill_C3_20260523_214811_018_p2_fixed_crop_whitening_eps3e4_fbstcnet_m_conn_light(n=7,mean=0.6548); C:autofill_C_20260523_130514_044_p2_fixed_crop_whitening_eps3e4_fbstcnet_m_conn_light(n=7,mean=0.6548); C:pr44_C_20260522_145228_fixed_crop_whitening_eps3e4_fbstcnet_m_conn_light_p2(n=7,mean=0.6548); E:autofill_E_20260524_085841_002_p2_fixed_crop_whitening_eps3e4_fbstcnet_m_conn_light(n=7,mean=0.6548)",1,"0.7128(n=5,sources=14)",0.7128,outer0/seed42=0.7053; outer1/seed43=0.6764; outer2/seed44=0.7145; outer3/seed45=0.6957; outer4/seed46=0.7722,"B:autofill_B2_20260523_153506_076_p3_fixed_crop_whitening_eps3e4_fbstcnet_m_conn_light(n=5,mean=0.7128); B:autofill_B2_20260523_192115_109_p3_fixed_crop_whitening_eps3e4_fbstcnet_m_conn_light(n=5,mean=0.7128); B:autofill_B2_20260523_200634_115_p3_fixed_crop_whitening_eps3e4_fbstcnet_m_conn_light(n=5,mean=0.7128); B:autofill_B3_20260523_215012_005_p3_fixed_crop_whitening_eps3e4_fbstcnet_m_conn_light(n=5,mean=0.7128); B:autofill_B_20260523_120453_048_p3_fixed_crop_whitening_eps3e4_fbstcnet_m_conn_light(n=5,mean=0.7128); B:autofill_B_20260523_134233_060_p3_fixed_crop_whitening_eps3e4_fbstcnet_m_conn_light(n=5,mean=0.7128); C:autofill_C2_20260523_152212_061_p3_fixed_crop_whitening_eps3e4_fbstcnet_m_conn_light(n=5,mean=0.7128); C:autofill_C2_20260523_192412_100_p3_fixed_crop_whitening_eps3e4_fbstcnet_m_conn_light(n=5,mean=0.7128); C:autofill_C3_20260523_212150_010_p3_fixed_crop_whitening_eps3e4_fbstcnet_m_conn_light(n=5,mean=0.7128); C:autofill_C3_20260523_214856_019_p3_fixed_crop_whitening_eps3e4_fbstcnet_m_conn_light(n=5,mean=0.7128); C:autofill_C_20260523_112746_035_p3_fixed_crop_whitening_eps3e4_fbstcnet_m_conn_light(n=5,mean=0.7128); C:autofill_C_20260523_131220_045_p3_fixed_crop_whitening_eps3e4_fbstcnet_m_conn_light(n=5,mean=0.7128); C:pr44_promote_C_20260522_152346_noea_eps3e4_mconn_p3(n=5,mean=0.7128); E:autofill_E20_20260524_090430_006_p3_fixed_crop_whitening_eps3e4_fbstcnet_m_conn_light(n=5,mean=0.7128)"
fixed_crop_whitening_eps3e4_tri_context_gate,2,"42,123,456,789,1024",42=0.7145(jobs=5); 123=0.7045(jobs=5); 456=0.6895(jobs=5); 789=0.7075(jobs=5); 1024=0.7122(jobs=5),"42,123,456",15/15,0.7028,"42,123,456,789,1024",25/25,0.7056,"B:autofill_B_20260523_091025_030_p1_fixed_crop_whitening_eps3e4_tri_context_gate(n=25,mean=0.7056)",1,"0.6815(n=7,sources=1)",0.6815,crop1=0.7292; crop2=0.7083; crop3=0.7917; crop4=0.7500; crop5=0.7500; random=0.7500; worst=0.2917,"B:autofill_B_20260523_090800_029_p2_fixed_crop_whitening_eps3e4_tri_context_gate(n=7,mean=0.6815)",0,,,,
sliding_ea_dgcnn_coral_cohort_w6_s1,8,"42,123,456,789,1024",42=0.6212(jobs=5); 123=0.6410(jobs=5); 456=0.6554(jobs=5); 789=0.6340(jobs=5); 1024=0.6080(jobs=5),"42,123,456",15/15,0.6392,"42,123,456,789,1024",25/25,0.6319,"B:autofill_B_20260523_082410_020_p1_sliding_ea_dgcnn_coral_cohort_w6_s1(n=25,mean=0.6319)",1,"0.7054(n=7,sources=3)",0.7054,crop1=0.6875; crop2=0.7083; crop3=0.7500; crop4=0.7292; crop5=0.7917; random=0.7083; worst=0.5625,"A:backfill_value_A_20260522_1814_sliding_ea_dgcnn_coral_p2(n=7,mean=0.7054); B:autofill_B_20260522_233123_003_p2_sliding_ea_dgcnn_coral_cohort_w6_s1(n=7,mean=0.7054); B:autofill_B_20260523_074829_007_p2_sliding_ea_dgcnn_coral_cohort_w6_s1(n=7,mean=0.7054)",1,"0.6345(n=5,sources=4)",0.6345,outer0/seed42=0.6472; outer1/seed43=0.6057; outer2/seed44=0.6290; outer3/seed45=0.6229; outer4/seed46=0.6676,"B:autofill_B_20260522_233127_004_p3_sliding_ea_dgcnn_coral_cohort_w6_s1(n=5,mean=0.6345); B:autofill_B_20260523_074853_008_p3_sliding_ea_dgcnn_coral_cohort_w6_s1(n=5,mean=0.6345); B:backfill_graph_B_20260522_1905_sliding_ea_dgcnn_coral_p3(n=5,mean=0.6345); B:backfill_graph_B_20260522_2042_sliding_ea_dgcnn_coral_p3(n=5,mean=0.6345)"
sliding_ea_dgcnn_dann_cohort_w6_s1,7,"42,123,456,789,1024",42=0.6474(jobs=5); 123=0.6249(jobs=5); 456=0.6328(jobs=5); 789=0.6642(jobs=5); 1024=0.6341(jobs=5),"42,123,456",15/15,0.6350,"42,123,456,789,1024",25/25,0.6407,"B:autofill_B_20260523_082615_021_p1_sliding_ea_dgcnn_dann_cohort_w6_s1(n=25,mean=0.6407)",1,"0.6667(n=7,sources=3)",0.6667,crop1=0.7083; crop2=0.6875; crop3=0.7083; crop4=0.6667; crop5=0.6667; random=0.7083; worst=0.5208,"B:autofill_B_20260522_233131_005_p2_sliding_ea_dgcnn_dann_cohort_w6_s1(n=7,mean=0.6667); B:autofill_B_20260523_074957_009_p2_sliding_ea_dgcnn_dann_cohort_w6_s1(n=7,mean=0.6667); B:backfill_value_B_20260522_1814_sliding_ea_dgcnn_dann_p2(n=7,mean=0.6667)",1,"0.6474(n=5,sources=3)",0.6474,outer0/seed42=0.6305; outer1/seed43=0.6142; outer2/seed44=0.6580; outer3/seed45=0.6458; outer4/seed46=0.6888,"B:autofill_B_20260522_233135_006_p3_sliding_ea_dgcnn_dann_cohort_w6_s1(n=5,mean=0.6474); B:autofill_B_20260523_075242_010_p3_sliding_ea_dgcnn_dann_cohort_w6_s1(n=5,mean=0.6474); C:backfill_graph_C_20260522_1905_sliding_ea_dgcnn_dann_p3(n=5,mean=0.6474)"
sliding_ea_dgcnn_masked_consistency_w6_s1,3,"42,123,456,789,1024",42=0.6299(jobs=5); 123=0.6456(jobs=5); 456=0.6422(jobs=5); 789=0.6482(jobs=5); 1024=0.6380(jobs=5),"42,123,456",15/15,0.6392,"42,123,456,789,1024",25/25,0.6408,"B:autofill_B_20260523_082619_022_p1_sliding_ea_dgcnn_masked_consistency_w6_s1(n=25,mean=0.6408)",1,"0.6637(n=7,sources=1)",0.6637,crop1=0.6667; crop2=0.6875; crop3=0.6667; crop4=0.6875; crop5=0.7083; random=0.7083; worst=0.5208,"B:autofill_B_20260523_075407_011_p2_sliding_ea_dgcnn_masked_consistency_w6_s1(n=7,mean=0.6637)",1,"0.6327(n=5,sources=1)",0.6327,outer0/seed42=0.6257; outer1/seed43=0.6134; outer2/seed44=0.6368; outer3/seed45=0.6022; outer4/seed46=0.6857,"B:autofill_B_20260523_075912_012_p3_sliding_ea_dgcnn_masked_consistency_w6_s1(n=5,mean=0.6327)"
sliding_ea_dgcnn_w6_s1,12,"42,123,456,789,1024",42=0.6253(jobs=5); 123=0.6391(jobs=5); 456=0.6549(jobs=5); 789=0.6310(jobs=5); 1024=0.6078(jobs=5),"42,123,456",15/15,0.6398,"42,123,456,789,1024",25/25,0.6316,"A:backfill_queue_A_20260522_211741_sliding_ea_dgcnn_w6_s1_p1_seed123_CR_(n=5,mean=0.6391); B:autofill_B_20260523_082104_018_p1_sliding_ea_dgcnn_w6_s1(n=25,mean=0.6316); B:backfill_queue_B_20260522_211741_sliding_ea_dgcnn_w6_s1_p1_seed456(n=5,mean=0.6549)",1,"0.6875(n=7,sources=3)",0.6875,crop1=0.7083; crop2=0.6875; crop3=0.7083; crop4=0.7292; crop5=0.7292; random=0.7083; worst=0.5417,"A:backfill_value_A_20260522_160815_sliding_ea_dgcnn_p2(n=7,mean=0.6875); B:autofill_B_20260522_233115_001_p2_sliding_ea_dgcnn_w6_s1(n=7,mean=0.6875); B:autofill_B_20260523_074432_003_p2_sliding_ea_dgcnn_w6_s1(n=7,mean=0.6875)",1,"0.6282(n=5,sources=6)",0.6282,outer0/seed42=0.6320; outer1/seed43=0.6100; outer2/seed44=0.6111; outer3/seed45=0.6235; outer4/seed46=0.6644,"A:backfill_long_A_20260522_213117_sliding_ea_dgcnn_w6_s1_p3(n=5,mean=0.6282); B:autofill_B_20260522_233119_002_p3_sliding_ea_dgcnn_w6_s1(n=5,mean=0.6282); B:autofill_B_20260523_074436_004_p3_sliding_ea_dgcnn_w6_s1(n=5,mean=0.6282); B:backfill_long_B_20260522_213713_sliding_ea_dgcnn_w6_s1_p3(n=5,mean=0.6282); C:backfill_graph_C_20260522_1905_sliding_ea_dgcnn_p3(n=5,mean=0.6282); C:backfill_long_C_20260522_213338_sliding_ea_dgcnn_w6_s1_p3(n=5,mean=0.6282)"
sliding_ea_dual_graph_conformer_w6_s1,3,,,,0/15,,,0/25,,,1,"0.6339(n=7,sources=1)",0.6339,crop1=0.6667; crop2=0.6042; crop3=0.6458; crop4=0.6458; crop5=0.6875; random=0.6667; worst=0.5208,"B:autofill_B_20260523_080639_013_p2_sliding_ea_dual_graph_conformer_w6_s1(n=7,mean=0.6339)",1,"0.6509(n=5,sources=2)",0.6509,outer0/seed42=0.6618; outer1/seed43=0.5990; outer2/seed44=0.6512; outer3/seed45=0.6419; outer4/seed46=0.7005,"A:backfill_capacity_A_20260522_153823_sliding_ea_dual_graph_conformer_w6_s1_p3(n=5,mean=0.6509); B:autofill_B_20260523_081125_014_p3_sliding_ea_dual_graph_conformer_w6_s1(n=5,mean=0.6509)"
sliding_ea_fbstcnet_m_conn_w4_s1p5,4,"42,123,456,789,1024",42=0.6340(jobs=5); 123=0.6476(jobs=5); 456=0.6422(jobs=5); 789=0.6557(jobs=5); 1024=0.6213(jobs=5),"42,123,456",15/15,0.6413,"42,123,456,789,1024",25/25,0.6402,"B:backfill_sliding_B_20260522_2013_mconn_w4_s1p5_p1_seed42(n=5,mean=0.6340); C:autofill_C_20260523_095254_025_p1_sliding_ea_fbstcnet_m_conn_w4_s1p5(n=25,mean=0.6402)",1,"0.6339(n=7,sources=2)",0.6339,crop1=0.6458; crop2=0.6875; crop3=0.6667; crop4=0.7083; crop5=0.6458; random=0.6667; worst=0.4167,"C:autofill_C_20260523_080108_013_p2_sliding_ea_fbstcnet_m_conn_w4_s1p5(n=7,mean=0.6339); C:backfill_sliding_C_20260522_2000_mconn_w4_s1p5_p2(n=7,mean=0.6339)",0,,,,
sliding_ea_fbstcnet_m_conn_w6_s1,7,"42,123,456,789,1024",42=0.6406(jobs=5); 123=0.6514(jobs=5); 456=0.6364(jobs=5); 789=0.6360(jobs=5); 1024=0.6285(jobs=5),"42,123,456",15/15,0.6428,"42,123,456,789,1024",25/25,0.6386,"B:backfill_sliding_B_20260522_2027_mconn_w6_s1_p1_seed42(n=5,mean=0.6406); C:autofill_C_20260523_095258_026_p1_sliding_ea_fbstcnet_m_conn_w6_s1(n=25,mean=0.6386)",1,"0.6488(n=7,sources=3)",0.6488,crop1=0.6458; crop2=0.6667; crop3=0.6667; crop4=0.6875; crop5=0.6875; random=0.6875; worst=0.5000,"A:backfill_sliding_A_20260522_2013_mconn_w6_s1_p2(n=7,mean=0.6488); B:autofill_B_20260522_233440_007_p2_sliding_ea_fbstcnet_m_conn_w6_s1(n=7,mean=0.6488); C:autofill_C_20260523_085511_014_p2_sliding_ea_fbstcnet_m_conn_w6_s1(n=7,mean=0.6488)",1,"0.6361(n=5,sources=2)",0.6361,outer0/seed42=0.6027; outer1/seed43=0.6391; outer2/seed44=0.6076; outer3/seed45=0.6632; outer4/seed46=0.6678,"B:autofill_B_20260522_233504_008_p3_sliding_ea_fbstcnet_m_conn_w6_s1(n=5,mean=0.6361); C:autofill_C_20260523_090000_016_p3_sliding_ea_fbstcnet_m_conn_w6_s1(n=5,mean=0.6361)"
sliding_ea_fbstcnet_m_conn_w8_s0p5,4,"42,123,456,789,1024",42=0.6554(jobs=5); 123=0.6593(jobs=5); 456=0.6371(jobs=5); 789=0.6602(jobs=5); 1024=0.6120(jobs=5),"42,123,456",15/15,0.6506,"42,123,456,789,1024",25/25,0.6448,"C:autofill_C_20260523_095302_027_p1_sliding_ea_fbstcnet_m_conn_w8_s0p5(n=25,mean=0.6448); C:backfill_sliding_C_20260522_2013_mconn_w8_s0p5_p1_seed42(n=5,mean=0.6554)",1,"0.6726(n=7,sources=2)",0.6726,crop1=0.6875; crop2=0.6875; crop3=0.6875; crop4=0.6667; crop5=0.6667; random=0.7083; worst=0.6042,"A:backfill_sliding_A_20260522_2000_mconn_w8_s0p5_p2(n=7,mean=0.6726); C:autofill_C_20260523_085655_015_p2_sliding_ea_fbstcnet_m_conn_w8_s0p5(n=7,mean=0.6726)",0,,,,
sliding_window_conformer_lite,6,"42,123,456,789,1024",42=0.6366(jobs=5); 123=0.6609(jobs=5); 456=0.6672(jobs=5); 789=0.6590(jobs=5); 1024=0.6447(jobs=5),"42,123,456",15/15,0.6549,"42,123,456,789,1024",25/25,0.6537,"B:backfill_component_B_20260522_172030_sliding_window_conformer_lite_p1_seed42(n=5,mean=0.6366); E:autofill_E20_20260524_090414_002_p1_sliding_window_conformer_lite(n=25,mean=0.6536)",1,"0.6548(n=7,sources=2)",0.6548,crop1=0.6667; crop2=0.7083; crop3=0.6875; crop4=0.6458; crop5=0.6250; random=0.7500; worst=0.5000,"A:backfill_component_A_20260522_171650_sliding_window_conformer_lite_p2(n=7,mean=0.6548); E:autofill_E_20260524_085845_003_p2_sliding_window_conformer_lite(n=7,mean=0.6548)",2,"0.6383(n=5,sources=1); 0.6380(n=5,sources=1)",0.6383,outer0/seed42=0.6316; outer1/seed43=0.5943; outer2/seed44=0.6328; outer3/seed45=0.6064; outer4/seed46=0.7264,"C:backfill_component_C_20260522_171650_sliding_window_conformer_lite_p3(n=5,mean=0.6383)"
sliding_window_srf_fbstcnet_gate_whitening_eps3e4_w6_s1,12,"42,123,456,789,1024",42=0.6591(jobs=5); 123=0.6605(jobs=5); 456=0.6464(jobs=5); 789=0.6714(jobs=5); 1024=0.6702(jobs=5),"42,123,456",15/15,0.6553,"42,123,456,789,1024",25/25,0.6615,"A:backfill_pr35_A_20260522_210200_sliding_srf_fbstcnet_gate_w6_s1_p1_seed456(n=5,mean=0.6464); B:backfill_diag_B_20260522_160815_srf_fbstcnet_gate_p1_seed42(n=5,mean=0.6591); B:backfill_pr35_B_20260522_210011_sliding_srf_fbstcnet_gate_w6_s1_p1_seed123(n=5,mean=0.6605); C:backfill_pr35_C_20260522_205439_sliding_srf_fbstcnet_gate_w6_s1_p1_seed42(n=5,mean=0.6591); C:backfill_pr35_C_20260522_210200_sliding_srf_fbstcnet_gate_w6_s1_p1_seed789(n=5,mean=0.6714); C:backfill_pr35_C_20260522_211913_sliding_srf_fbstcnet_gate_w6_s1_p1_seed1024(n=5,mean=0.6702)",1,"0.6518(n=7,sources=5)",0.6518,crop1=0.7292; crop2=0.6250; crop3=0.7083; crop4=0.6875; crop5=0.6667; random=0.6875; worst=0.4583,"A:backfill_diag_A_20260522_160445_srf_fbstcnet_gate_p2(n=7,mean=0.6518); B:autofill_B_20260523_081129_015_p2_sliding_window_srf_fbstcnet_gate_whitening_eps3e4_w6_s1(n=7,mean=0.6518); B:backfill_pr35_B_20260522_211003_sliding_srf_fbstcnet_gate_w6_s1_p2(n=7,mean=0.6518); C:backfill_diag_C_20260522_160640_srf_fbstcnet_gate_p2(n=7,mean=0.6518); C:backfill_pr35_C_20260522_205558_sliding_srf_fbstcnet_gate_w6_s1_p2(n=7,mean=0.6518)",1,"0.6497(n=5,sources=1)",0.6497,outer0/seed42=0.6252; outer1/seed43=0.6280; outer2/seed44=0.6419; outer3/seed45=0.6677; outer4/seed46=0.6860,"B:autofill_B_20260523_081634_016_p3_sliding_window_srf_fbstcnet_gate_whitening_eps3e4_w6_s1(n=5,mean=0.6497)"
sliding_window_srfnet,3,"42,123,456,789,1024",42=0.6252(jobs=5); 123=0.6175(jobs=5); 456=0.6069(jobs=5); 789=0.6029(jobs=5); 1024=0.6303(jobs=5),"42,123,456",15/15,0.6165,"42,123,456,789,1024",25/25,0.6165,"E:autofill_E20_20260524_090418_003_p1_sliding_window_srfnet(n=25,mean=0.6165)",1,"0.6101(n=7,sources=1)",0.6101,crop1=0.6875; crop2=0.6250; crop3=0.6458; crop4=0.6667; crop5=0.6458; random=0.6458; worst=0.3542,"E:autofill_E_20260524_085849_004_p2_sliding_window_srfnet(n=7,mean=0.6101)",1,"0.6348(n=5,sources=1)",0.6348,outer0/seed42=0.6471; outer1/seed43=0.6249; outer2/seed44=0.6640; outer3/seed45=0.5860; outer4/seed46=0.6520,"E:autofill_E20_20260524_090438_008_p3_sliding_window_srfnet(n=5,mean=0.6348)"
sliding_window_srfnet_whitening_eps3e4,40,"7,42,43,99,123,456,789,1024,2026,3407",7=0.5945(jobs=5); 42=0.6331(jobs=5); 43=0.6153(jobs=5); 99=0.6339(jobs=5); 123=0.6134(jobs=5); 456=0.5959(jobs=5); 789=0.6091(jobs=5); 1024=0.5603(jobs=5); 2026=0.6525(jobs=5); 3407=0.6188(jobs=5),"42,123,456",15/15,0.6141,"42,123,456,789,1024",25/25,0.6023,"A:backfill_pr35_A_20260522_155758_sliding_srfnet_whitening_eps3e4_p1_seed42(n=5,mean=0.6328); A:backfill_pr35_A_20260522_1900_sliding_srfnet_whitening_eps3e4_p1_seeds123_456(n=10,mean=0.6044); A:backfill_pr35_priority_A_20260522_1756_sliding_srfnet_whitening_eps3e4_p1_extra2(n=10,mean=0.6142); B:autofill_B2_20260523_173720_089_p1_sliding_window_srfnet_whitening_eps3e4(n=25,mean=0.6021); B:autofill_B_20260523_134951_064_p1_sliding_window_srfnet_whitening_eps3e4(n=25,mean=0.6021); B:backfill_pr35_B_20260522_155945_sliding_srfnet_whitening_eps3e4_p1_seed42(n=5,mean=0.6328); B:backfill_pr35_B_20260522_1900_sliding_srfnet_whitening_eps3e4_p1_seed789(n=5,mean=0.6088); B:backfill_pr35_B_20260522_205856_sliding_srfnet_whitening_eps3e4_p1_seed2026(n=5,mean=0.6525); B:backfill_pr35_B_20260522_205856_sliding_srfnet_whitening_eps3e4_p1_seed3407(n=5,mean=0.6188); C:autofill_C2_20260523_140159_049_p1_sliding_window_srfnet_whitening_eps3e4(n=25,mean=0.6021); C:autofill_C2_20260523_170938_074_p1_sliding_window_srfnet_whitening_eps3e4(n=25,mean=0.6021); C:autofill_C2_20260523_191100_098_p1_sliding_window_srfnet_whitening_eps3e4(n=25,mean=0.6021); C:autofill_C3_20260523_205823_005_p1_sliding_window_srfnet_whitening_eps3e4(n=25,mean=0.6021); C:backfill_pr35_C_20260522_155835_sliding_srfnet_whitening_eps3e4_p1_seed42(n=5,mean=0.6328); C:backfill_pr35_C_20260522_1900_sliding_srfnet_whitening_eps3e4_p1_seed1024(n=5,mean=0.5600); C:backfill_pr35_priority_C_20260522_1800_sliding_srfnet_whitening_eps3e4_p1_extra3(n=10,mean=0.6044); C:backfill_pr35_priority_C__sliding_srfnet_whitening_eps3e4_p1_extra(n=15,mean=0.6289); E:autofill_E20_20260524_090422_004_p1_sliding_window_srfnet_whitening_eps3e4(n=25,mean=0.6023)",1,"0.6488(n=7,sources=12)",0.6488,crop1=0.6875; crop2=0.6458; crop3=0.6875; crop4=0.6875; crop5=0.6667; random=0.6667; worst=0.5000,"A:backfill_pr35_A_20260522_155835_sliding_srfnet_whitening_eps3e4_p2(n=7,mean=0.6488); A:backfill_pr35_A_20260522_211003_sliding_srfnet_whitening_eps3e4_p2_recheck(n=7,mean=0.6488); B:autofill_B2_20260523_173251_087_p2_sliding_window_srfnet_whitening_eps3e4(n=7,mean=0.6488); B:autofill_B_20260523_090627_027_p2_sliding_window_srfnet_whitening_eps3e4(n=7,mean=0.6488); B:autofill_B_20260523_134807_063_p2_sliding_window_srfnet_whitening_eps3e4(n=7,mean=0.6488); B:backfill_pr35_B_20260522_155758_sliding_srfnet_whitening_eps3e4_p2(n=7,mean=0.6488); C:autofill_C2_20260523_140155_048_p2_sliding_window_srfnet_whitening_eps3e4(n=7,mean=0.6488); C:autofill_C2_20260523_170007_072_p2_sliding_window_srfnet_whitening_eps3e4(n=7,mean=0.6488); C:autofill_C2_20260523_190008_096_p2_sliding_window_srfnet_whitening_eps3e4(n=7,mean=0.6488); C:autofill_C3_20260523_204410_003_p2_sliding_window_srfnet_whitening_eps3e4(n=7,mean=0.6488); C:backfill_pr35_C_20260522_210328_sliding_srfnet_whitening_eps3e4_p2_recheck(n=7,mean=0.6488); E:autofill_E_20260524_085853_005_p2_sliding_window_srfnet_whitening_eps3e4(n=7,mean=0.6488)",1,"0.6294(n=5,sources=9)",0.6294,outer0/seed42=0.6524; outer1/seed43=0.5737; outer2/seed44=0.6463; outer3/seed45=0.6028; outer4/seed46=0.6720,"A:backfill_pr35_A_20260522_160445_sliding_srfnet_whitening_eps3e4_p3(n=5,mean=0.6294); B:autofill_B2_20260523_173716_088_p3_sliding_window_srfnet_whitening_eps3e4(n=5,mean=0.6294); B:autofill_B_20260523_090756_028_p3_sliding_window_srfnet_whitening_eps3e4(n=5,mean=0.6294); B:backfill_pr35_B_20260522_160815_sliding_srfnet_whitening_eps3e4_p3(n=5,mean=0.6294); C:autofill_C2_20260523_170011_073_p3_sliding_window_srfnet_whitening_eps3e4(n=5,mean=0.6294); C:autofill_C2_20260523_190012_097_p3_sliding_window_srfnet_whitening_eps3e4(n=5,mean=0.6294); C:autofill_C3_20260523_205819_004_p3_sliding_window_srfnet_whitening_eps3e4(n=5,mean=0.6294); C:backfill_pr35_C_20260522_160955_sliding_srfnet_whitening_eps3e4_p3(n=5,mean=0.6294); E:autofill_E20_20260524_090442_009_p3_sliding_window_srfnet_whitening_eps3e4(n=5,mean=0.6294)"
tuned_sliding_window_fbstcnet_zscore_only,2,,,,0/15,,,0/25,,,1,"0.6488(n=7,sources=2)",0.6488,crop1=0.6458; crop2=0.6458; crop3=0.6458; crop4=0.6875; crop5=0.7083; random=0.6875; worst=0.5208,"A:backfill_diag_A_20260522_160445_tuned_sliding_fbstcnet_zscore_only_p2(n=7,mean=0.6488); C:backfill_diag_C_20260522_160640_tuned_sliding_fbstcnet_zscore_only_p2(n=7,mean=0.6488)",0,,,,
