strict_route_id,rank,outer_seed,outer_fold,baseline_mean_ba,baseline_dep_mean_ba,baseline_hc_mean_ba,selected_mean_ba,selected_dep_mean_ba,selected_hc_mean_ba,selected_gap,selected_min_group_ba,delta_mean_ba,dep_weight_label,hc_weight_label,dep_weights,hc_weights,router_name,router_transform,inner_selected_objective
strict_top7_moe_01,1,*,0,0.7850495999999999,0.7597408,0.7934858666666665,0.789732,0.7586432000000001,0.8000949333333334,0.041451733333333296,0.51504,0.0046824000000000865,dirichlet_007,dirichlet_007,"[0.09900751154049292, 0.1383457659070187, 0.4727908069943392, 0.2898559155581493]","[0.0735477562325077, 0.10659717132918811, 0.3935978033043361, 0.27778980012384374, 0.14846746901012434]",p1_oof_rank_soft_t0p1,raw,0.7818847656249999
strict_top7_moe_01,1,*,1,0.7698617600000002,0.6487974399999998,0.8102165333333334,0.76780688,0.6495891199999999,0.8072128,0.15762368000000004,0.508,-0.002054880000000203,dirichlet_003,uniform,"[0.13724265862434262, 0.3689653083276636, 0.3363073257531867, 0.15748470729480715]","[0.2, 0.2, 0.2, 0.2, 0.2]",p1_oof_rank_soft_t0p1,raw,0.79404296875
strict_top7_moe_01,1,*,2,0.7495584000000001,0.6824512,0.7719274666666667,0.750456,0.697824,0.7679999999999999,0.0701759999999999,0.49936,0.0008975999999999429,dirichlet_003,uniform,"[0.13724265862434262, 0.3689653083276636, 0.3363073257531867, 0.15748470729480715]","[0.2, 0.2, 0.2, 0.2, 0.2]",p1_oof_rank_soft_t0p1,raw,0.7932600911458334
strict_top7_moe_01,1,*,3,0.80236,0.717728,0.8305706666666666,0.7963576,0.7063072,0.8263744000000001,0.12006720000000004,0.48712,-0.006002399999999963,dirichlet_002,uniform,"[0.12933695784591617, 0.06623755513133367, 0.5686271063982141, 0.23579838062453595]","[0.2, 0.2, 0.2, 0.2, 0.2]",p1_oof_rank_soft_t0p1,raw,0.7839078776041667
strict_top7_moe_01,1,*,4,0.78849888,0.67665152,0.8257813333333333,0.79432624,0.68523776,0.8306890666666665,0.1454513066666665,0.5784,0.005827359999999948,dirichlet_003,uniform,"[0.13724265862434262, 0.3689653083276636, 0.3363073257531867, 0.15748470729480715]","[0.2, 0.2, 0.2, 0.2, 0.2]",p1_oof_rank_soft_t0p1,raw,0.7864762369791667
strict_top7_moe_02,2,*,0,0.7858664,0.7642367999999999,0.7930762666666665,0.7882863999999999,0.7567712,0.7987914666666664,0.04202026666666647,0.51832,0.0024199999999999777,base,dirichlet_005,"[0.4655344655344655, 0.33866133866133863, 0.15484515484515482, 0.04095904095904095]","[0.1950887871720043, 0.15693564186223308, 0.2715268443291958, 0.2913748471092964, 0.0850738795272702]",p1_oof_quota_hard,raw,0.7785514322916667
strict_top7_moe_02,2,*,1,0.7689332799999999,0.6477235199999999,0.8093365333333333,0.76437024,0.63780416,0.8065589333333333,0.16875477333333333,0.506768,-0.004563039999999963,uniform,dirichlet_003,"[0.25, 0.25, 0.25, 0.25]","[0.15440281878296513, 0.047249645666735646, 0.40228372360993464, 0.19731701616879394, 0.19874679577157067]",p1_oof_rank_soft_t0p1,raw,0.7899544270833334
strict_top7_moe_02,2,*,2,0.7493576000000001,0.685248,0.7707274666666668,0.7452799999999999,0.692464,0.7628853333333333,0.07042133333333334,0.459776,-0.004077600000000126,dirichlet_005,dirichlet_005,"[0.31909202163232486, 0.5250132218420747, 0.070812203310454, 0.08508255321514645]","[0.1950887871720043, 0.15693564186223308, 0.2715268443291958, 0.2913748471092964, 0.0850738795272702]",p1_oof_rank_soft_t0p1,raw,0.7918831380208334
strict_top7_moe_02,2,*,3,0.8011712000000001,0.7129728,0.8305706666666666,0.7950007999999998,0.7112640000000001,0.8229130666666667,0.11164906666666663,0.44184,-0.006170400000000242,dirichlet_005,dirichlet_006,"[0.31909202163232486, 0.5250132218420747, 0.070812203310454, 0.08508255321514645]","[0.09739840511603444, 0.3533181502362683, 0.3030915548279067, 0.16931396024669976, 0.07687792957309078]",p1_oof_rank_soft_t0p1,sigmoid_t1p0,0.7802522786458334
strict_top7_moe_02,2,*,4,0.7870896,0.6772256,0.8237109333333332,0.7914584,0.6764704,0.8297877333333334,0.15331733333333342,0.567728,0.0043688000000000615,base,dirichlet_005,"[0.4655344655344655, 0.33866133866133863, 0.15484515484515482, 0.04095904095904095]","[0.1950887871720043, 0.15693564186223308, 0.2715268443291958, 0.2913748471092964, 0.0850738795272702]",p1_oof_quota_hard,raw,0.7836702473958334
strict_top7_moe_03,3,*,0,0.78941632,0.77120448,0.7954869333333332,0.794136,0.7767968,0.7999157333333332,0.023118933333333258,0.5032,0.004719680000000004,uniform,dirichlet_001,"[0.25, 0.25, 0.25, 0.25]","[0.21829912702141255, 0.05968107759487861, 0.3381366135107107, 0.33464978108703763, 0.04923340078596061]",p1_oof_rank_soft_t0p1,raw,0.7799251302083333
strict_top7_moe_03,3,*,1,0.7674719999999999,0.6531103999999999,0.8055925333333335,0.7721364799999999,0.64453952,0.8146688,0.17012927999999994,0.508,0.004664479999999971,dirichlet_003,dirichlet_004,"[0.3647693001065264, 0.4081611169971191, 0.14158573458130108, 0.08548384831505337]","[0.273628574133023, 0.1929102428228564, 0.14910998918236404, 0.2648106244077669, 0.11954056945398976]",p1_oof_rank_soft_t0p1,raw,0.7933626302083334
strict_top7_moe_03,3,*,2,0.7488616,0.6816639999999999,0.7712608000000001,0.7457015999999999,0.690144,0.7642207999999999,0.07407679999999994,0.4788,-0.0031600000000001627,dirichlet_007,dirichlet_004,"[0.329500800753813, 0.274524747361062, 0.18112223046186338, 0.21485222142326166]","[0.273628574133023, 0.1929102428228564, 0.14910998918236404, 0.2648106244077669, 0.11954056945398976]",p1_oof_rank_soft_t0p1,raw,0.7947981770833333
strict_top7_moe_03,3,*,3,0.8013576,0.7119264000000001,0.8311679999999999,0.8000344,0.710208,0.8299765333333333,0.11976853333333337,0.441024,-0.0013231999999999688,dirichlet_003,dirichlet_005,"[0.3647693001065264, 0.4081611169971191, 0.14158573458130108, 0.08548384831505337]","[0.32380225983752686, 0.1364814301064525, 0.2828608541142792, 0.23030797635699404, 0.026547479584747315]",p1_oof_rank_soft_t0p1,raw,0.7842464192708334
strict_top7_moe_03,3,*,4,0.78869568,0.6752947199999999,0.8264959999999999,0.7950595199999999,0.67808448,0.8340512,0.15596672,0.552992,0.0063638399999998985,dirichlet_003,dirichlet_004,"[0.3647693001065264, 0.4081611169971191, 0.14158573458130108, 0.08548384831505337]","[0.273628574133023, 0.1929102428228564, 0.14910998918236404, 0.2648106244077669, 0.11954056945398976]",p1_oof_rank_soft_t0p1,raw,0.7869059244791667
strict_top7_moe_04,4,*,0,0.7783516799999999,0.75646336,0.7856477866666666,0.7948004799999999,0.75464192,0.8081866666666667,0.053544746666666754,0.55624,0.01644880000000004,dirichlet_000,dirichlet_003,"[0.29638121718640226, 0.09654857901322246, 0.07885062463182238, 0.528219579168553]","[0.31326526675044636, 0.17080622286644728, 0.1260707844591336, 0.2770659467755137, 0.11279177914845909]",p1_oof_rank_soft_t0p1,raw,0.781806640625
strict_top7_moe_04,4,*,1,0.76995376,0.6292614400000001,0.8168512000000001,0.7671654399999999,0.6371417600000001,0.8105066666666667,0.1733649066666666,0.508,-0.0027883200000001773,uniform,dirichlet_006,"[0.25, 0.25, 0.25, 0.25]","[0.21911073444603343, 0.12107662707369221, 0.2809133920992484, 0.20969284352252188, 0.16920640285850394]",p1_oof_rank_soft_t0p1,raw,0.7945263671875
strict_top7_moe_04,4,*,2,0.7467056000000001,0.6796,0.7690741333333334,0.749172,0.69544,0.7670826666666667,0.07164266666666674,0.4844,0.0024663999999998687,uniform,dirichlet_003,"[0.25, 0.25, 0.25, 0.25]","[0.31326526675044636, 0.17080622286644728, 0.1260707844591336, 0.2770659467755137, 0.11279177914845909]",p1_oof_rank_soft_t0p1,raw,0.7939518229166667
strict_top7_moe_04,4,*,3,0.7982351999999999,0.6977536000000001,0.8317290666666666,0.7976239999999999,0.7001823999999999,0.8301045333333332,0.12992213333333336,0.496272,-0.0006112000000000339,dirichlet_000,dirichlet_003,"[0.29638121718640226, 0.09654857901322246, 0.07885062463182238, 0.528219579168553]","[0.31326526675044636, 0.17080622286644728, 0.1260707844591336, 0.2770659467755137, 0.11279177914845909]",p1_oof_rank_soft_t0p1,raw,0.7837190755208333
strict_top7_moe_04,4,*,4,0.78817776,0.6710534399999999,0.8272191999999999,0.79746112,0.68264448,0.8357333333333333,0.15308885333333333,0.549584,0.009283360000000074,dirichlet_006,dirichlet_003,"[0.384928505068738, 0.16508165800294053, 0.13731951803366868, 0.3126703188946528]","[0.31326526675044636, 0.17080622286644728, 0.1260707844591336, 0.2770659467755137, 0.11279177914845909]",p1_oof_rank_soft_t0p1,raw,0.7859765624999999
strict_top7_moe_05,5,*,0,0.7759625599999999,0.75179584,0.7840181333333333,0.7834257600000001,0.76190464,0.7905994666666666,0.028694826666666562,0.48664,0.007463200000000225,dirichlet_000,dirichlet_007,"[0.49913520632620634, 0.16839813243853344, 0.18930956665680124, 0.14315709457845888]","[0.004842412205754548, 0.30016370886989613, 0.26580765236167386, 0.1387913916643083, 0.2903948348983671]",p1_oof_rank_soft_t0p1,raw,0.7836149088541666
strict_top7_moe_05,5,*,1,0.7686950400000001,0.63656256,0.8127392,0.7758527999999999,0.6413376000000001,0.8206912,0.1793535999999999,0.508,0.007157759999999791,dirichlet_001,uniform,"[0.4043984351381821, 0.081446597155781, 0.28230210651355514, 0.23185286119248175]","[0.2, 0.2, 0.2, 0.2, 0.2]",p1_oof_rank_soft_t0p1,raw,0.7938248697916668
strict_top7_moe_05,5,*,2,0.74026,0.684016,0.7590080000000001,0.7472248,0.688704,0.7667317333333336,0.07802773333333357,0.5,0.006964799999999993,dirichlet_000,uniform,"[0.49913520632620634, 0.16839813243853344, 0.18930956665680124, 0.14315709457845888]","[0.2, 0.2, 0.2, 0.2, 0.2]",p1_oof_rank_soft_t0p1,raw,0.7949495442708334
strict_top7_moe_05,5,*,3,0.7977103999999999,0.7186624000000001,0.8240597333333333,0.8040984,0.7129216,0.8344906666666667,0.12156906666666667,0.545312,0.00638800000000006,dirichlet_000,uniform,"[0.49913520632620634, 0.16839813243853344, 0.18930956665680124, 0.14315709457845888]","[0.2, 0.2, 0.2, 0.2, 0.2]",p1_oof_rank_soft_t0p1,raw,0.7825048828125
strict_top7_moe_05,5,*,4,0.7883015999999999,0.675312,0.8259648,0.7937632000000001,0.6854592,0.8298645333333333,0.14440533333333327,0.531232,0.005461600000000177,dirichlet_001,uniform,"[0.4043984351381821, 0.081446597155781, 0.28230210651355514, 0.23185286119248175]","[0.2, 0.2, 0.2, 0.2, 0.2]",p1_oof_rank_soft_t0p1,raw,0.7859488932291667
strict_top7_moe_06,6,*,0,0.7906584,0.7570496,0.8018613333333333,0.7925872,0.7697504000000001,0.8001994666666666,0.03044906666666658,0.515904,0.0019288000000000638,base,dirichlet_003,"[0.13213213213213215, 0.29629629629629634, 0.34734734734734735, 0.22422422422422425]","[0.20191975031087847, 0.12681183020041734, 0.407356203984907, 0.2639122155037972]",p1_oof_rank_soft_t0p1,sigmoid_t1p0,0.7804443359375001
strict_top7_moe_06,6,*,1,0.76970176,0.6487974399999998,0.8100032,0.7715784,0.640928,0.8151285333333332,0.17420053333333319,0.51,0.001876639999999985,uniform,base,"[0.25, 0.25, 0.25, 0.25]","[0.339, 0.059, 0.355, 0.247]",p1_oof_rank_soft_t0p1,raw,0.7934912109375
strict_top7_moe_06,6,*,2,0.7503591999999999,0.6824512,0.7729951999999999,0.7471968,0.686144,0.7675477333333334,0.0814037333333334,0.487392,-0.0031623999999998986,dirichlet_001,dirichlet_004,"[0.3575635176970312, 0.1561879812725441, 0.37352173771333913, 0.11272676331708548]","[0.40623074148422667, 0.14521377180482825, 0.20211559397939347, 0.24643989273155165]",p1_oof_rank_soft_t0p1,raw,0.794189453125
strict_top7_moe_06,6,*,3,0.801304,0.7168384000000001,0.8294592,0.7966904,0.7036416,0.8277066666666665,0.1240650666666665,0.498624,-0.0046135999999999955,base,dirichlet_004,"[0.13213213213213215, 0.29629629629629634, 0.34734734734734735, 0.22422422422422425]","[0.40623074148422667, 0.14521377180482825, 0.20211559397939347, 0.24643989273155165]",p1_oof_rank_soft_t0p1,raw,0.7837239583333333
strict_top7_moe_06,6,*,4,0.7892276800000001,0.67664512,0.8267551999999999,0.7951289599999999,0.6795014399999999,0.8336714666666667,0.1541700266666668,0.54528,0.005901279999999787,base,dirichlet_003,"[0.13213213213213215, 0.29629629629629634, 0.34734734734734735, 0.22422422422422425]","[0.20191975031087847, 0.12681183020041734, 0.407356203984907, 0.2639122155037972]",p1_oof_rank_soft_t0p1,sigmoid_t1p0,0.7867610677083334
strict_top7_moe_07,7,*,0,0.7906584,0.7570496,0.8018613333333333,0.7964304,0.7668128000000001,0.8063029333333334,0.03949013333333329,0.51872,0.005771999999999999,dirichlet_003,base,"[0.32605912273025933, 0.12830731442247834, 0.44110547951524637, 0.10452808333201606]","[0.339, 0.059, 0.355, 0.247]",p1_oof_rank_soft_t0p1,raw,0.7809814453125
strict_top7_moe_07,7,*,1,0.76970176,0.6487974399999998,0.8100032,0.7721513600000001,0.64469504,0.8146368,0.16994176000000005,0.51,0.0024496000000000517,dirichlet_001,dirichlet_002,"[0.1344518939805984, 0.3362106068192313, 0.388499851752599, 0.14083764744757138]","[0.2630988678083275, 0.10603580690063977, 0.41070942882749717, 0.22015589646353573]",p1_oof_rank_soft_t0p1,raw,0.7938916015625
strict_top7_moe_07,7,*,2,0.7503591999999999,0.6824512,0.7729951999999999,0.75092,0.693504,0.7700586666666667,0.07655466666666666,0.5,0.000560800000000139,dirichlet_003,base,"[0.32605912273025933, 0.12830731442247834, 0.44110547951524637, 0.10452808333201606]","[0.339, 0.059, 0.355, 0.247]",p1_oof_rank_soft_t0p1,raw,0.7937337239583334
strict_top7_moe_07,7,*,3,0.801304,0.7168384000000001,0.8294592,0.8006416,0.7084288,0.8313792,0.12295040000000002,0.469328,-0.0006624000000000629,dirichlet_003,base,"[0.32605912273025933, 0.12830731442247834, 0.44110547951524637, 0.10452808333201606]","[0.339, 0.059, 0.355, 0.247]",p1_oof_rank_soft_t0p1,raw,0.7839453125000001
strict_top7_moe_07,7,*,4,0.7892276800000001,0.67664512,0.8267551999999999,0.79341488,0.67900352,0.8315520000000001,0.1525484800000001,0.5507008,0.0041871999999999465,dirichlet_001,dirichlet_002,"[0.1344518939805984, 0.3362106068192313, 0.388499851752599, 0.14083764744757138]","[0.2630988678083275, 0.10603580690063977, 0.41070942882749717, 0.22015589646353573]",p1_oof_rank_soft_t0p1,raw,0.7877799479166667
